,time,System ON in Auto Mode,Operating Mode,Billet Size,Soaking Zone Temp,Heating Zone Temp,Furnace pressure,Oxygen %,Soaking Zone Set Point,Heating Zone Set Point,Furnace pressure Set Point,Oxygen % Set Point,Soaking Zone Coal Motor RPM,Air Motor RPM,Pressure PID  Output %,Furnace Damper Opening,Flue Gas temp before Rec,Flue Gas temp aftre Rec,Combustion Air temp before Rec,Combustion Air temp After Rec,Combustion Air Pressure Before Rec,Combustion Air Pressure After Rec,Coal Motor1 RPM set point Min,Coal Motor1 RPM set point Max,Air Motor RPM set point Min,Air Motor RPM set point Max,Furnace Damper Opening Set Min,Furnace Damper Opening Set Max,Air Motor Current ,Coal Consumption (Cumulative-Sum)
0,0,1,1,120,1185.396618608675,985.3384868990764,1.4527577643411433,-1.0157466372063544,1185,985,0.5564848065755089,2,1480,1394,95,95,736,287,50,347,1476,1487,1175,1430,1200,1475,50,95,40,55.0
1,5,0,1,120,1182.2608525596142,983.2331582524587,1.6147107507701053,2.3697139693042875,1185,985,0.9872545072010769,2,1206,1230,95,95,725,257,49,326,1485,1479,1175,1430,1200,1475,50,95,42,56.0
2,10,0,0,120,1187.075270123206,986.247082395457,0.14844319629037095,2.2523645077881342,1185,985,0.20711203014868607,2,1176,1362,95,95,716,274,48,347,1478,1498,1175,1430,1200,1475,50,95,35,57.0
3,15,0,0,120,1185.2915805298278,986.2035743493194,1.299421679479586,3.079778962732019,1185,985,0.9077317327750639,2,1321,1343,95,95,724,255,48,333,1479,1500,1175,1430,1200,1475,50,95,40,58.0
4,20,0,0,120,1184.0427101154303,985.5742026086521,1.4030360168098706,-0.7427690499033206,1185,985,0.3670092212437832,2,1248,1425,95,95,745,288,49,330,1480,1498,1175,1430,1200,1475,50,95,35,59.0
5,25,1,0,120,1183.0896870911943,984.2345600278028,-0.18727646796434805,0.9323187243675543,1185,985,0.9476427860573722,2,1424,1217,95,95,713,266,48,336,1483,1491,1175,1430,1200,1475,50,95,42,60.0
6,30,0,0,120,1179.0920183935061,983.5045815338063,2.5763786670692923,0.782270507973752,1185,985,0.24748610171044694,2,1243,1456,95,95,715,289,48,346,1482,1489,1175,1430,1200,1475,50,95,42,61.0
7,35,1,1,120,1186.1176778045453,984.8463002823721,0.41334147501771135,3.0609210418420436,1185,985,0.10975698636516495,2,1354,1322,95,95,741,262,47,331,1475,1494,1175,1430,1200,1475,50,95,40,62.0
8,40,0,1,120,1182.4808119201166,984.6903208508894,-0.9068444738425638,-1.149378464228844,1185,985,0.9631421565289088,2,1207,1385,95,95,747,258,48,343,1479,1494,1175,1430,1200,1475,50,95,38,63.0
9,45,1,1,120,1186.6069582138687,982.459306695931,-0.19080201136241515,0.6464797840244751,1185,985,0.6977283383315891,2,1265,1418,95,95,731,278,46,328,1484,1484,1175,1430,1200,1475,50,95,41,64.0
10,50,1,1,120,1184.3579041101352,986.6985710600111,0.3410895630753361,1.8514990261378632,1185,985,0.756057926903175,2,1354,1268,95,95,715,275,51,341,1480,1488,1175,1430,1200,1475,50,95,37,65.0
11,55,0,1,120,1189.7320334805615,989.914514569142,-1.1422682248139309,2.220817219972387,1185,985,0.7068161219316789,2,1427,1200,95,95,746,284,50,332,1477,1490,1175,1430,1200,1475,50,95,39,66.0
12,60,1,0,120,1185.1045077686497,986.9355851041341,0.4889042723303732,1.030478820527811,1185,985,0.126432989466838,2,1295,1237,95,95,724,269,51,332,1480,1495,1175,1430,1200,1475,50,95,41,67.0
13,65,0,0,120,1186.6047425536235,985.5847268978204,1.3053407646737438,-1.16941747917957,1185,985,0.5109222463914531,2,1434,1438,95,95,724,274,47,325,1481,1482,1175,1430,1200,1475,50,95,37,68.0
14,70,1,1,120,1184.562830724796,984.5195284294632,2.694876594742535,-2.4540567012059977,1185,985,0.41176610025172555,2,1347,1414,95,95,731,261,50,338,1481,1500,1175,1430,1200,1475,50,95,41,69.0
15,75,1,1,120,1186.8536928558162,985.3142195742691,3.8266166077337616,1.2971880167323462,1185,985,0.8327495337297365,2,1270,1454,95,95,748,287,45,341,1484,1481,1175,1430,1200,1475,50,95,42,70.0
16,80,1,1,120,1186.7561872145898,983.750365082457,-0.35763840024233495,-0.8297262597677788,1185,985,0.9791666189293378,2,1328,1273,95,95,715,257,46,333,1480,1490,1175,1430,1200,1475,50,95,42,71.0
17,85,0,0,120,1187.6314657235791,980.7087687244897,0.5797628623993721,0.24859754300559897,1185,985,0.4511769157624993,2,1175,1267,95,95,728,286,49,334,1482,1497,1175,1430,1200,1475,50,95,39,72.0
18,90,1,1,120,1185.4110767729317,982.6015243801043,-1.3470986788827968,-0.9186350036354223,1185,985,0.15598549092909308,2,1334,1251,95,95,738,263,51,337,1476,1483,1175,1430,1200,1475,50,95,39,73.0
19,95,0,0,120,1187.5618490679735,988.6371268507056,-0.5911465802993912,-1.2246951278108615,1185,985,0.28366262950236754,2,1358,1448,95,95,730,262,48,348,1477,1492,1175,1430,1200,1475,50,95,41,74.0
20,100,0,0,120,1185.8320423567336,990.0534460670333,-0.2520639103298772,0.2685687100528257,1185,985,0.2094593391908358,2,1309,1213,95,95,750,259,46,336,1475,1489,1175,1430,1200,1475,50,95,41,75.0
21,105,0,1,120,1184.1553403538867,986.25908189213,2.4187974605566396,0.8080521554942284,1185,985,0.6279229157530976,2,1391,1209,95,95,721,265,49,330,1475,1486,1175,1430,1200,1475,50,95,41,76.0
22,110,1,1,120,1188.1754660956867,982.7656930010834,2.8479643477647247,-1.6783667123341814,1185,985,0.3227186898643959,2,1289,1406,95,95,739,272,51,343,1482,1482,1175,1430,1200,1475,50,95,42,77.0
23,115,1,1,120,1183.3198246388974,983.117678035643,1.3569623708007668,-0.1371510122256344,1185,985,0.7111719731012798,2,1337,1336,95,95,722,265,49,343,1484,1478,1175,1430,1200,1475,50,95,35,78.0
24,120,1,1,120,1184.540295966657,984.777394592713,1.4707549381741072,-2.2769261263671927,1185,985,0.5077672792004783,2,1266,1433,95,95,734,268,51,336,1475,1494,1175,1430,1200,1475,50,95,39,79.0
25,125,0,0,120,1185.8456863662307,982.3852568693026,1.4903153343397693,2.331743101775881,1185,985,0.38358299190279843,2,1192,1365,95,95,738,281,48,346,1478,1488,1175,1430,1200,1475,50,95,39,80.0
26,130,1,1,120,1183.328858655616,984.1266192117472,0.8922189923946209,0.6634037676991007,1185,985,0.6855140726138182,2,1460,1263,95,95,726,261,50,338,1477,1484,1175,1430,1200,1475,50,95,41,81.0
27,135,1,0,120,1182.7805794202754,985.2586386747282,0.32631504094419006,0.6796541961872127,1185,985,0.14440945112767867,2,1218,1327,95,95,729,282,47,327,1475,1485,1175,1430,1200,1475,50,95,37,82.0
28,140,1,0,120,1183.3803229445584,986.5671202803801,0.0850110636968131,-0.10735283517112863,1185,985,0.8564346713508716,2,1482,1445,95,95,749,271,50,337,1477,1483,1175,1430,1200,1475,50,95,39,83.0
29,145,1,0,120,1188.221024252573,986.1886522715607,-0.2001449119084886,2.509601343076484,1185,985,0.3909753589243431,2,1304,1282,95,95,732,277,49,343,1478,1495,1175,1430,1200,1475,50,95,35,84.0
30,150,0,1,120,1184.3615638891495,985.4852050261863,2.4099983415471167,-1.221158666835729,1185,985,0.9620425783018739,2,1326,1294,95,95,749,258,49,331,1481,1484,1175,1430,1200,1475,50,95,35,85.0
31,155,0,0,120,1184.8328690825685,984.9734676691519,1.5436718006208838,1.9363107551635368,1185,985,0.047378548625328976,2,1467,1245,95,95,726,255,51,345,1480,1496,1175,1430,1200,1475,50,95,35,86.0
32,160,1,1,120,1186.4115279752039,983.6850365926264,1.5255980610317035,1.3109669111669093,1185,985,0.3469385490921032,2,1302,1363,95,95,742,261,49,339,1476,1484,1175,1430,1200,1475,50,95,36,87.0
33,165,1,0,120,1189.3905411970898,986.4005410648213,3.6836786736002427,-1.255586432796406,1185,985,0.5321846699303057,2,1488,1379,95,95,745,255,48,339,1485,1481,1175,1430,1200,1475,50,95,35,88.0
34,170,1,1,120,1187.745402150287,987.3808213365605,-1.2769617227290648,0.08414465227401904,1185,985,0.7634018227988673,2,1300,1321,95,95,729,270,48,346,1476,1500,1175,1430,1200,1475,50,95,41,89.0
35,175,1,1,120,1185.1241523358897,986.6250867262929,3.4060199677995273,0.08881084104445036,1185,985,0.6228460561621232,2,1384,1323,95,95,719,258,45,347,1481,1489,1175,1430,1200,1475,50,95,40,90.0
36,180,0,0,120,1184.4843265359805,986.226560265127,1.616217034796672,3.5167899224150276,1185,985,0.2565324264991642,2,1374,1404,95,95,747,280,50,331,1477,1498,1175,1430,1200,1475,50,95,40,91.0
37,185,1,1,120,1188.328954116348,987.1117649820565,3.6213133199126357,-1.3525880516412583,1185,985,0.4834301119095351,2,1447,1432,95,95,741,281,49,349,1477,1484,1175,1430,1200,1475,50,95,35,92.0
38,190,1,1,120,1185.4188920294932,988.2272221767688,1.3695084251748173,0.40384256418087194,1185,985,0.060154005748475625,2,1252,1327,95,95,737,272,48,339,1483,1487,1175,1430,1200,1475,50,95,39,93.0
39,195,0,1,120,1184.7588145808693,982.86717524651,-1.059893574612553,0.0403094034892903,1185,985,0.8937972920672012,2,1460,1344,95,95,736,283,48,348,1475,1483,1175,1430,1200,1475,50,95,35,94.0
40,200,0,0,120,1185.4146050856345,983.3918987980363,0.8591041631066417,2.123356073127376,1185,985,0.8537277559841646,2,1179,1217,95,95,740,257,46,349,1478,1496,1175,1430,1200,1475,50,95,35,95.0
41,205,1,1,120,1186.8493977276637,984.8893373920405,-1.7280412502034241,-2.7854594333415728,1185,985,0.8825172349751167,2,1241,1299,95,95,737,266,48,329,1485,1489,1175,1430,1200,1475,50,95,41,96.0
42,210,1,0,120,1189.687062490606,985.8774350389702,-3.334116020721707,1.0212551338163225,1185,985,0.7177941517113007,2,1448,1320,95,95,741,262,47,338,1484,1493,1175,1430,1200,1475,50,95,38,97.0
43,215,1,0,120,1188.8412197750608,985.9393205411444,2.9899558901740315,-0.535548111876895,1185,985,0.05222378159612173,2,1470,1339,95,95,743,266,46,348,1481,1494,1175,1430,1200,1475,50,95,36,98.0
44,220,0,1,120,1182.0416678644485,984.684047224429,-1.2028172195260087,-0.8102899308661689,1185,985,0.8425412994965998,2,1231,1364,95,95,744,262,46,334,1483,1499,1175,1430,1200,1475,50,95,38,99.0
45,225,0,1,120,1182.2343603738293,988.689540465546,1.591681293110534,1.086934733636066,1185,985,0.15598916656703377,2,1336,1459,95,95,737,275,48,333,1481,1483,1175,1430,1200,1475,50,95,41,100.0
46,230,0,1,120,1181.7514780639224,985.1017052671959,0.3338218848987428,1.341510646836208,1185,985,0.7044978692634302,2,1282,1407,95,95,731,265,49,338,1485,1493,1175,1430,1200,1475,50,95,39,101.0
47,235,1,0,120,1186.1972197945613,985.7646590099226,-1.2882088543952033,-2.5272376117970716,1185,985,0.25600011739993667,2,1177,1346,95,95,740,272,48,339,1476,1496,1175,1430,1200,1475,50,95,35,102.0
48,240,0,0,120,1184.2302966342354,982.5866802173344,-0.4460234285295732,0.743253790678874,1185,985,0.10813498878192063,2,1385,1241,95,95,741,279,46,349,1482,1491,1175,1430,1200,1475,50,95,42,103.0
49,245,0,0,120,1183.324619495142,988.0620681346088,1.0094209877237597,0.7440042972764092,1185,985,0.5723697295104556,2,1237,1473,95,95,736,276,47,325,1475,1491,1175,1430,1200,1475,50,95,40,104.0
50,250,1,1,120,1183.4671215154765,983.7473311402221,-1.831622540850731,0.4227444192919597,1185,985,0.4610464140884143,2,1206,1335,95,95,739,283,48,342,1485,1493,1175,1430,1200,1475,50,95,35,105.0
51,255,1,1,120,1183.759388684404,983.8976856391912,0.8167997463493042,0.3406216340430003,1185,985,0.3096936329540215,2,1193,1414,95,95,728,284,49,344,1484,1485,1175,1430,1200,1475,50,95,39,106.0
52,260,1,0,120,1186.1021785853875,986.6519765430645,0.07789540594553923,-1.5073820572265946,1185,985,0.6340395150481029,2,1477,1255,95,95,712,281,46,328,1482,1482,1175,1430,1200,1475,50,95,36,107.0
53,265,1,1,120,1184.3002144117354,984.8857738463357,0.1667674085783536,2.3160308042191446,1185,985,0.9398917910881878,2,1351,1401,95,95,751,285,45,328,1479,1481,1175,1430,1200,1475,50,95,39,108.0
54,270,1,0,120,1185.8947154687066,984.2539611002063,1.7431602415204968,0.4097692996209791,1185,985,0.4962044426578487,2,1367,1350,95,95,733,256,51,330,1481,1478,1175,1430,1200,1475,50,95,35,109.0
55,275,1,1,120,1187.1839169097927,988.5115093282844,-1.648938344803695,0.3862665876010922,1185,985,0.08590906633760043,2,1460,1257,95,95,724,275,49,342,1476,1496,1175,1430,1200,1475,50,95,38,110.0
56,280,0,1,120,1186.5407169128473,986.5229402704235,1.2335459503593946,1.0996071337858166,1185,985,0.18845613474349288,2,1365,1270,95,95,724,270,51,345,1485,1481,1175,1430,1200,1475,50,95,35,111.0
57,285,0,1,120,1183.516710058299,985.6442050649073,2.0588940565804847,-1.4674834140772477,1185,985,0.34607782884617755,2,1189,1274,95,95,748,266,47,331,1479,1489,1175,1430,1200,1475,50,95,37,112.0
58,290,0,1,120,1185.6554806043964,985.9567792096728,-0.8103593577288988,1.5189789956101982,1185,985,0.2672808886568241,2,1438,1334,95,95,729,266,50,330,1475,1482,1175,1430,1200,1475,50,95,37,113.0
59,295,1,0,120,1182.7498465377118,984.9922586131601,2.2645986102767814,-0.39590488618829345,1185,985,0.3000794439403476,2,1322,1310,95,95,722,269,50,331,1483,1488,1175,1430,1200,1475,50,95,42,114.0
60,300,1,1,120,1185.9104034439476,985.3987160741242,-0.7612892082828069,0.2844031565745431,1185,985,0.5760486474728249,2,1198,1378,95,95,726,271,46,334,1482,1499,1175,1430,1200,1475,50,95,37,115.0
61,305,1,1,120,1186.4285659907318,984.4073034064859,-0.7316071513449134,0.5195683415260041,1185,985,0.23778563445593837,2,1292,1315,95,95,736,284,49,345,1483,1499,1175,1430,1200,1475,50,95,41,116.0
62,310,1,1,120,1184.0793436186923,981.0697249039785,0.701391591564407,-0.6237702932023647,1185,985,0.30674013893200935,2,1233,1272,95,95,716,260,46,346,1477,1500,1175,1430,1200,1475,50,95,39,117.0
63,315,1,0,120,1185.4209863472352,983.6056603367174,1.3149184532040752,1.7501092803964888,1185,985,0.29122711370417886,2,1424,1277,95,95,713,282,46,341,1475,1498,1175,1430,1200,1475,50,95,37,118.0
64,320,0,0,120,1188.7643537058161,984.4219051564294,0.2760636042340674,0.46590750378610085,1185,985,0.9240700609552266,2,1446,1430,95,95,748,285,48,337,1485,1486,1175,1430,1200,1475,50,95,40,119.0
65,325,1,0,120,1186.5075450854015,989.7671870269241,0.45493189290646047,0.8615739180673866,1185,985,0.14964421693005414,2,1309,1292,95,95,738,273,46,340,1475,1496,1175,1430,1200,1475,50,95,42,120.0
66,330,0,0,120,1183.9214565962218,984.9783962238946,-0.8000366045569112,-0.11756065791106333,1185,985,0.3353587910974378,2,1202,1297,95,95,718,287,45,331,1483,1492,1175,1430,1200,1475,50,95,42,121.0
67,335,0,0,120,1185.9037024659515,986.8421258769155,-0.9428163656164366,-0.0905072167250834,1185,985,0.7757413507272493,2,1369,1418,95,95,744,283,47,346,1481,1481,1175,1430,1200,1475,50,95,42,122.0
68,340,0,0,120,1186.5134049255626,985.2640306812473,2.451200755814482,-1.3512671901492919,1185,985,0.9096313233014841,2,1185,1406,95,95,747,269,50,337,1482,1495,1175,1430,1200,1475,50,95,42,123.0
69,345,1,0,120,1184.2531789902123,984.1730947816511,-1.503228167845348,-3.0457142365556122,1185,985,0.5964044833955723,2,1297,1466,95,95,716,277,45,341,1480,1493,1175,1430,1200,1475,50,95,38,124.0
70,350,0,1,120,1184.90769361531,989.7564265004569,1.5357616839506132,0.0855141253796784,1185,985,0.45352962630990445,2,1265,1212,95,95,721,257,51,338,1476,1487,1175,1430,1200,1475,50,95,37,125.0
71,355,1,1,120,1188.3661744869357,986.6844898189094,2.9932887635854932,-2.418126719360974,1185,985,0.4038691425711617,2,1384,1207,95,95,746,274,47,347,1483,1493,1175,1430,1200,1475,50,95,42,126.0
72,360,1,1,120,1184.041828168746,987.6172464188012,0.7504203087855033,-1.5469405083377128,1185,985,0.797618733281493,2,1350,1349,95,95,736,284,47,338,1479,1479,1175,1430,1200,1475,50,95,39,127.0
73,365,0,1,120,1185.0255456353727,983.6130905291857,1.0187295627237078,-0.1832534096061352,1185,985,0.17513792218905389,2,1460,1359,95,95,751,280,48,332,1478,1495,1175,1430,1200,1475,50,95,35,128.0
74,370,0,0,120,1182.3947744044358,984.8281079559364,-0.737061716699674,0.9806940482783889,1185,985,0.24270979542525362,2,1474,1453,95,95,717,277,49,342,1475,1494,1175,1430,1200,1475,50,95,35,129.0
75,375,0,0,120,1186.0262765045952,979.3182837988412,1.4605654794952485,1.8640212964401808,1185,985,0.33405037789840053,2,1194,1366,95,95,743,277,51,349,1478,1491,1175,1430,1200,1475,50,95,39,130.0
76,380,1,0,120,1185.31489985979,983.9940243328056,0.6334238413091108,-0.17868082388935264,1185,985,0.564151572191182,2,1473,1248,95,95,748,279,51,341,1485,1480,1175,1430,1200,1475,50,95,38,131.0
77,385,0,0,120,1186.1212086614976,982.5905049968783,2.520019009502201,-1.4041338918640782,1185,985,0.6234021367580691,2,1489,1322,95,95,730,258,46,341,1483,1484,1175,1430,1200,1475,50,95,37,132.0
78,390,1,1,120,1188.5201131456788,988.2077291425048,1.4103715934414125,1.1132075829723593,1185,985,0.20291788365875152,2,1327,1469,95,95,726,266,46,348,1484,1495,1175,1430,1200,1475,50,95,40,133.0
79,395,1,0,120,1184.5370619962277,986.3097811661236,0.0984111709322687,-0.050933656580013684,1185,985,0.037102691436030844,2,1294,1448,95,95,730,281,47,337,1485,1500,1175,1430,1200,1475,50,95,38,134.0
80,400,1,0,120,1185.2076555367646,986.7692825855299,1.4706507852583215,-0.7676499944219546,1185,985,0.09603566041333589,2,1237,1462,95,95,725,258,48,332,1478,1487,1175,1430,1200,1475,50,95,42,135.0
81,405,1,1,120,1187.0561192824312,987.4754802006016,-1.1173153751472362,-0.6304702956125385,1185,985,0.31728895879455543,2,1353,1209,95,95,725,279,45,326,1476,1485,1175,1430,1200,1475,50,95,37,136.0
82,410,0,0,120,1184.8567642946916,983.0794627021863,1.994921351139894,0.08057816250316333,1185,985,0.7791829070503298,2,1382,1303,95,95,737,281,45,348,1478,1484,1175,1430,1200,1475,50,95,39,137.0
83,415,1,1,120,1185.3085965386765,984.7400149994849,-0.5549171566501883,-1.792379784138522,1185,985,0.26612661599590615,2,1345,1326,95,95,744,258,45,334,1483,1485,1175,1430,1200,1475,50,95,40,138.0
84,420,0,0,120,1182.9723703301227,982.2683688691159,0.6223087468856132,1.9886458636183235,1185,985,0.5637239232928951,2,1336,1332,95,95,727,269,46,344,1484,1484,1175,1430,1200,1475,50,95,36,139.0
85,425,1,1,120,1184.7039519137238,983.6945372007975,0.4763524827365143,0.5817845564710462,1185,985,0.8628198314902266,2,1360,1345,95,95,714,269,50,332,1476,1492,1175,1430,1200,1475,50,95,41,140.0
86,430,1,0,120,1181.4760995515792,986.1018553122196,0.819721317119958,-2.4184995723238543,1185,985,0.2687287731338961,2,1186,1222,95,95,736,282,46,334,1484,1500,1175,1430,1200,1475,50,95,35,141.0
87,435,0,1,120,1182.8429967879313,982.4080503787336,1.4332470595559181,-2.252209269809712,1185,985,0.107853410546907,2,1413,1233,95,95,725,268,45,333,1477,1485,1175,1430,1200,1475,50,95,37,142.0
88,440,0,0,120,1184.600606231697,984.8476939612627,1.0036514449942286,1.5172002610296584,1185,985,0.9726741504525961,2,1243,1354,95,95,722,277,50,337,1476,1498,1175,1430,1200,1475,50,95,36,143.0
89,445,0,1,120,1187.1219830969742,986.6154091565368,1.174362925001164,0.8522738811376074,1185,985,0.9973206213714608,2,1328,1465,95,95,747,260,49,336,1478,1489,1175,1430,1200,1475,50,95,38,144.0
90,450,1,0,120,1183.6333961307687,986.0346456386333,0.10988012616391218,-0.6590722550669575,1185,985,0.8763911750078012,2,1267,1299,95,95,713,266,51,339,1480,1481,1175,1430,1200,1475,50,95,36,145.0
91,455,0,0,120,1184.4999997803495,983.0601956469864,-1.4032185012949168,0.8317546279213193,1185,985,0.3153669927192909,2,1289,1374,95,95,750,266,50,348,1483,1493,1175,1430,1200,1475,50,95,42,146.0
92,460,0,1,120,1187.7014052244851,986.6137917970822,-0.04995890510767054,-0.7765345805899431,1185,985,0.14549617956541117,2,1480,1272,95,95,723,287,45,329,1481,1498,1175,1430,1200,1475,50,95,39,147.0
93,465,0,0,120,1183.252666202799,985.7609081624339,-0.5698427884499011,1.5233068261923206,1185,985,0.7182867351945492,2,1343,1446,95,95,722,275,45,345,1481,1484,1175,1430,1200,1475,50,95,41,148.0
94,470,1,0,120,1183.2573714936245,985.0726105291454,2.3912090700264903,1.3370834508230707,1185,985,0.3179882383822915,2,1176,1269,95,95,718,264,45,347,1485,1495,1175,1430,1200,1475,50,95,39,149.0
95,475,0,1,120,1183.9686976699377,981.77106075912,2.452054749043456,0.2429064028299723,1185,985,0.8414790737987526,2,1274,1202,95,95,729,285,47,336,1475,1488,1175,1430,1200,1475,50,95,42,150.0
96,480,0,0,120,1187.4179646456519,982.4484372054316,-0.7035950429320204,1.4154284399226003,1185,985,0.5101196023576469,2,1437,1385,95,95,731,258,45,348,1475,1484,1175,1430,1200,1475,50,95,39,151.0
97,485,1,0,120,1185.060889171716,980.4222792669511,-0.04439587647651788,-2.378338074776792,1185,985,0.8583047652395239,2,1268,1259,95,95,713,287,47,349,1482,1490,1175,1430,1200,1475,50,95,35,152.0
98,490,1,1,120,1181.8109143818538,985.6143888536961,-0.8179641679288185,-0.2583179048730613,1185,985,0.00012476317163834238,2,1445,1467,95,95,736,265,48,347,1480,1478,1175,1430,1200,1475,50,95,37,153.0
99,495,0,1,120,1184.2965304885017,984.4204223243061,2.209620462259771,0.4733864991584176,1185,985,0.6558383825315017,2,1239,1325,95,95,728,287,51,330,1476,1480,1175,1430,1200,1475,50,95,41,154.0
100,500,0,1,120,1185.7365848182842,982.5880232146865,-0.47524109513975055,-2.9649329608469164,1185,985,0.32128695016997777,2,1342,1215,95,95,718,281,49,330,1482,1500,1175,1430,1200,1475,50,95,41,155.0
101,505,0,1,120,1183.1421994323357,986.1311720281726,-0.8374513069105602,0.5031085250877448,1185,985,0.25984159372591686,2,1394,1255,95,95,748,259,48,345,1477,1492,1175,1430,1200,1475,50,95,38,156.0
102,510,1,0,120,1184.636147163681,984.0027854520656,2.920403968732881,2.3550925304493004,1185,985,0.4895755264132836,2,1308,1447,95,95,721,284,48,340,1477,1479,1175,1430,1200,1475,50,95,42,157.0
103,515,0,1,120,1182.7851878571396,986.3777398340769,0.35920249775921226,-0.19522309135829938,1185,985,0.4255713838217037,2,1437,1350,95,95,724,257,51,344,1484,1500,1175,1430,1200,1475,50,95,41,158.0
104,520,0,0,120,1183.7820206215706,986.4738797857452,2.2166664924036885,-0.8205877358201215,1185,985,0.19772447802414583,2,1248,1439,95,95,733,286,45,344,1481,1494,1175,1430,1200,1475,50,95,42,159.0
105,525,1,0,120,1188.8295658710988,984.0078598048517,-1.0042156500604762,1.909989903559149,1185,985,0.3068548194969102,2,1387,1321,95,95,733,267,48,348,1475,1489,1175,1430,1200,1475,50,95,38,160.0
106,530,1,1,120,1187.0749019900745,984.5193937819034,0.620036866754312,-0.4735274627674868,1185,985,0.45708842594979415,2,1297,1340,95,95,723,268,45,337,1478,1495,1175,1430,1200,1475,50,95,40,161.0
107,535,0,0,120,1185.754027084554,986.4035929021578,-3.36780836924566,-0.9209193590694349,1185,985,0.8366098835529572,2,1258,1277,95,95,745,272,49,335,1478,1496,1175,1430,1200,1475,50,95,38,162.0
108,540,1,1,120,1183.757156789899,985.1578572700944,-0.6235962547724665,0.3148560994607458,1185,985,0.6496798471498773,2,1397,1471,95,95,732,258,51,325,1485,1490,1175,1430,1200,1475,50,95,40,163.0
109,545,1,1,120,1186.1202836190944,986.8467641521294,3.36589064629875,1.9120084701378937,1185,985,0.3971838027850073,2,1483,1262,95,95,735,265,50,344,1477,1491,1175,1430,1200,1475,50,95,36,164.0
110,550,0,0,120,1184.9905255454473,984.6429405388997,-0.08422851092081518,-0.39787285234777087,1185,985,0.38544165410125053,2,1224,1423,95,95,719,274,45,326,1478,1490,1175,1430,1200,1475,50,95,38,165.0
111,555,1,0,120,1184.602018298669,984.0054271200773,-1.8565729041948476,2.8358767941472043,1185,985,0.23321873692248207,2,1422,1331,95,95,730,269,49,329,1480,1484,1175,1430,1200,1475,50,95,37,166.0
112,560,0,0,120,1185.7847755147259,987.2377211872954,-1.9386374235569133,-0.49451240816245334,1185,985,0.22214117553216184,2,1230,1447,95,95,743,278,46,332,1485,1491,1175,1430,1200,1475,50,95,41,167.0
113,565,1,0,120,1186.1759385513608,983.186241527553,-0.38643120568684974,-2.277342397004056,1185,985,0.6786032462010315,2,1245,1233,95,95,714,265,46,333,1483,1489,1175,1430,1200,1475,50,95,37,168.0
114,570,1,0,120,1186.6841548016612,983.9556189121575,0.3473064607424792,-0.18329189198250712,1185,985,0.37160921862177976,2,1482,1225,95,95,728,287,47,328,1481,1488,1175,1430,1200,1475,50,95,35,169.0
115,575,1,1,120,1187.1654107063846,985.0315434024773,-0.7172492085890283,-1.7974606173744134,1185,985,0.9053957787026617,2,1215,1432,95,95,738,262,46,329,1477,1498,1175,1430,1200,1475,50,95,36,170.0
116,580,1,1,120,1184.537994325682,985.5332224244622,-1.6208397484087367,-1.9115354068357462,1185,985,0.9367982524662485,2,1422,1266,95,95,745,270,47,341,1479,1497,1175,1430,1200,1475,50,95,38,171.0
117,585,0,0,120,1186.6509941050485,984.5421257193375,-0.3212259409791909,-0.9153090249342724,1185,985,0.1769918796015082,2,1426,1466,95,95,730,264,50,345,1478,1478,1175,1430,1200,1475,50,95,37,172.0
118,590,0,1,120,1183.1828657130027,979.3513978147538,2.3162884605821503,2.373288222261739,1185,985,0.44609803882866894,2,1354,1228,95,95,721,266,47,338,1481,1489,1175,1430,1200,1475,50,95,41,173.0
119,595,1,0,120,1185.8572840428797,984.0561057768246,2.377066973457966,3.9918215864009996,1185,985,0.2620848566374484,2,1335,1409,95,95,722,261,51,342,1478,1493,1175,1430,1200,1475,50,95,40,174.0
120,600,1,1,120,1186.618083705865,987.8330687737822,1.7521266450674098,0.03767494314842771,1185,985,0.6249794031276648,2,1187,1200,95,95,721,262,49,334,1482,1483,1175,1430,1200,1475,50,95,36,175.0
121,605,1,0,120,1188.428064999881,983.7355060931413,0.42012022320420106,4.797737558356662,1185,985,0.08402522072297514,2,1234,1416,95,95,712,260,47,336,1481,1484,1175,1430,1200,1475,50,95,37,176.0
122,610,0,1,120,1182.5470061654732,986.581051377415,1.5932193488914836,0.869629447083605,1185,985,0.09797696245297227,2,1412,1246,95,95,727,269,49,349,1475,1485,1175,1430,1200,1475,50,95,38,177.0
123,615,0,1,120,1186.279114912474,982.8087549691122,0.4020455108232354,-1.2549440351508412,1185,985,0.77129033507641,2,1485,1369,95,95,731,281,48,341,1477,1496,1175,1430,1200,1475,50,95,36,178.0
124,620,1,0,120,1182.4970384400046,984.4743990021651,1.4866460953621865,-1.8092552966782356,1185,985,0.23770817761645768,2,1405,1251,95,95,721,257,49,339,1482,1499,1175,1430,1200,1475,50,95,41,179.0
125,625,1,1,120,1183.5060845079624,985.2434791140821,0.5195996480228037,0.48573138451905973,1185,985,0.4240688757931649,2,1352,1469,95,95,746,279,49,342,1480,1499,1175,1430,1200,1475,50,95,36,180.0
126,630,0,0,120,1180.6983904569884,979.7463041096413,-1.1095797763711597,1.328480331571854,1185,985,0.6667526643700005,2,1388,1377,95,95,722,258,51,341,1478,1486,1175,1430,1200,1475,50,95,41,181.0
127,635,0,0,120,1184.6657325999631,981.979143587007,1.2238868576082693,-0.5832952637153581,1185,985,0.43244028748171626,2,1255,1344,95,95,722,260,49,341,1480,1498,1175,1430,1200,1475,50,95,40,182.0
128,640,0,1,120,1186.7273105063034,983.7574422310163,-1.1298085471301988,1.2199700593178904,1185,985,0.6362502339144583,2,1402,1360,95,95,720,286,48,333,1482,1499,1175,1430,1200,1475,50,95,41,183.0
129,645,1,1,120,1186.7580554182857,984.1200786669082,-1.491601831795341,0.378936973344582,1185,985,0.7783512747085416,2,1296,1372,95,95,737,288,47,326,1478,1492,1175,1430,1200,1475,50,95,41,184.0
130,650,0,0,120,1187.4649581389021,985.0596316185718,1.1697977058042306,2.6121211643846993,1185,985,0.5241637322193642,2,1265,1313,95,95,731,260,46,339,1477,1500,1175,1430,1200,1475,50,95,36,185.0
131,655,1,1,120,1186.9156189553357,985.9208301191597,1.206026251425392,-1.3453570394410646,1185,985,0.5289112005853328,2,1260,1253,95,95,732,268,47,340,1480,1490,1175,1430,1200,1475,50,95,41,186.0
132,660,0,1,120,1186.4664007620222,985.7181946556083,-0.002892413914659775,-2.0019328685263194,1185,985,0.19871759050836357,2,1270,1332,95,95,720,257,49,330,1485,1481,1175,1430,1200,1475,50,95,37,187.0
133,665,0,1,120,1184.4774907492924,984.8039375089887,2.5189489626375123,-0.3508001694253153,1185,985,0.19339887363751374,2,1342,1219,95,95,742,257,45,339,1480,1496,1175,1430,1200,1475,50,95,36,188.0
134,670,1,1,120,1186.649181129478,986.1797007815397,2.448568549840303,0.09056727883214265,1185,985,0.9084280300390719,2,1365,1391,95,95,745,278,46,345,1479,1494,1175,1430,1200,1475,50,95,39,189.0
135,675,1,1,120,1184.39476829908,987.2020608851255,-0.9553787745496405,-0.12744537732095843,1185,985,0.9464593665441556,2,1192,1469,95,95,724,258,51,330,1477,1488,1175,1430,1200,1475,50,95,38,190.0
136,680,1,0,120,1183.1041841829028,985.6314722899331,0.5798353914781459,-2.0974925890224925,1185,985,0.7056930737722943,2,1448,1282,95,95,733,269,49,332,1484,1494,1175,1430,1200,1475,50,95,37,191.0
137,685,0,1,120,1185.913111855972,985.8640112480565,-0.78696059025292,1.6447023911488379,1185,985,0.8723628332745357,2,1357,1369,95,95,725,261,50,334,1483,1487,1175,1430,1200,1475,50,95,38,192.0
138,690,0,0,120,1188.0848797138342,984.966361563887,2.3714448535207984,0.18333360191971768,1185,985,0.4306099917181422,2,1451,1354,95,95,721,273,46,340,1484,1483,1175,1430,1200,1475,50,95,35,193.0
139,695,1,0,120,1186.732596705552,985.9121495460322,-2.2617805913921707,2.4706472069273695,1185,985,0.905947129401065,2,1374,1329,95,95,719,258,48,340,1481,1484,1175,1430,1200,1475,50,95,39,194.0
140,700,1,1,120,1183.8095993079046,982.9438969650131,1.9820910813551007,-1.766570840459385,1185,985,0.5700788961356812,2,1460,1260,95,95,725,275,49,349,1478,1488,1175,1430,1200,1475,50,95,36,195.0
141,705,1,1,120,1185.8436528891905,983.6796717268629,2.5235466614058346,-2.170961819256983,1185,985,0.03293520020860541,2,1455,1333,95,95,733,257,50,331,1480,1496,1175,1430,1200,1475,50,95,37,196.0
142,710,1,0,120,1185.497799303115,981.1909296845491,0.06389200068748091,0.27371499090010587,1185,985,0.6702597235413019,2,1391,1346,95,95,724,289,49,334,1485,1490,1175,1430,1200,1475,50,95,42,197.0
143,715,0,0,120,1185.724446232256,986.2680238990324,4.611401259669334,0.9134376591368887,1185,985,0.8815728550111125,2,1328,1288,95,95,714,275,46,328,1477,1498,1175,1430,1200,1475,50,95,41,198.0
144,720,0,0,120,1185.9464172074008,988.268759757675,2.826981452788125,-3.0681946781822087,1185,985,0.3082270964644649,2,1427,1217,95,95,741,258,51,326,1481,1483,1175,1430,1200,1475,50,95,39,199.0
145,725,1,0,120,1188.2496196386373,985.0734486746426,-1.9142359467313506,-1.2208545047277894,1185,985,0.675578946069962,2,1383,1210,95,95,741,288,46,337,1478,1484,1175,1430,1200,1475,50,95,38,200.0
146,730,1,0,120,1183.0396928091154,983.9879683089378,1.9055016356245418,-0.4784909366388086,1185,985,0.19330518616019554,2,1318,1331,95,95,736,276,45,340,1484,1491,1175,1430,1200,1475,50,95,41,201.0
147,735,0,0,120,1183.7565422827895,984.8278890635839,1.226611758413947,0.9152980628463622,1185,985,0.900243969529,2,1371,1287,95,95,716,283,49,340,1479,1488,1175,1430,1200,1475,50,95,42,202.0
148,740,1,0,120,1187.7681683132605,984.5247337560471,-0.6285986232172105,0.8178075095694168,1185,985,0.3769370411533779,2,1333,1216,95,95,732,269,47,327,1485,1496,1175,1430,1200,1475,50,95,38,203.0
149,745,0,0,120,1183.617566772843,985.266267729776,-0.2730443320044651,-0.45700512497239143,1185,985,0.8442055773322803,2,1398,1298,95,95,736,269,47,336,1477,1487,1175,1430,1200,1475,50,95,37,204.0
150,750,0,1,120,1183.4522495884096,984.6904891087532,-0.008606301802424943,2.2115164524233983,1185,985,0.44927893912695926,2,1175,1359,95,95,722,259,50,328,1479,1478,1175,1430,1200,1475,50,95,42,205.0
151,755,1,1,120,1183.6723639207562,987.1735278981566,0.9467460095286174,-0.8022454414123753,1185,985,0.8898678783852899,2,1466,1297,95,95,749,286,45,328,1483,1480,1175,1430,1200,1475,50,95,41,206.0
152,760,1,1,120,1189.0532845518865,984.0412852695832,4.394052854427478,-1.2515656944198583,1185,985,0.6161248055691223,2,1289,1271,95,95,748,276,46,343,1484,1489,1175,1430,1200,1475,50,95,38,207.0
153,765,0,1,120,1183.135404296696,984.6972898108365,-2.344426849626716,1.2769779707798334,1185,985,0.14330672283569612,2,1202,1254,95,95,733,280,50,327,1483,1499,1175,1430,1200,1475,50,95,38,208.0
154,770,1,0,120,1187.4461361450929,988.1758759568714,-1.0649588445803768,1.4470074417002297,1185,985,0.04293225035676329,2,1479,1200,95,95,717,264,47,348,1481,1500,1175,1430,1200,1475,50,95,39,209.0
155,775,0,1,120,1187.2087818909151,984.5666819510252,-0.32408374832504605,1.7603194510520583,1185,985,0.5553591076497977,2,1353,1325,95,95,717,274,46,326,1479,1499,1175,1430,1200,1475,50,95,38,210.0
156,780,1,1,120,1184.2602132146126,981.5035176470789,1.219045426986108,-1.6349098409104057,1185,985,0.9764885446840246,2,1426,1232,95,95,737,276,51,329,1478,1497,1175,1430,1200,1475,50,95,42,211.0
157,785,1,0,120,1185.2977555793996,983.4572530636162,-1.712481757288823,-0.8822225366604179,1185,985,0.3516933774335197,2,1478,1367,95,95,723,256,45,336,1485,1500,1175,1430,1200,1475,50,95,42,212.0
158,790,0,1,120,1187.2762114374525,985.5997138542238,1.6697015514038582,0.5842876949364814,1185,985,0.4000471814885519,2,1307,1269,95,95,737,270,45,342,1477,1495,1175,1430,1200,1475,50,95,40,213.0
159,795,0,1,120,1185.381507721259,982.3048009905625,2.09131842737861,-0.01679201828357566,1185,985,0.5039568009595399,2,1231,1202,95,95,744,262,49,346,1485,1491,1175,1430,1200,1475,50,95,35,214.0
160,800,0,1,120,1185.9048280290424,982.3436566248051,1.2834351711238576,0.19225525178630518,1185,985,0.28981568482611086,2,1208,1361,95,95,731,276,49,344,1478,1485,1175,1430,1200,1475,50,95,40,215.0
161,805,1,1,120,1183.9057632339561,985.9633461022311,-0.48254382499803317,-0.5574312795774827,1185,985,0.09823543780852495,2,1194,1355,95,95,720,266,50,332,1480,1480,1175,1430,1200,1475,50,95,41,216.0
162,810,0,0,120,1187.83154665641,985.236150471839,0.46064191657717996,0.023806209159530932,1185,985,0.28035527908068536,2,1353,1212,95,95,742,285,49,331,1477,1499,1175,1430,1200,1475,50,95,41,217.0
163,815,0,0,120,1189.0769997477105,984.2233343351628,1.0563043593572963,-1.0643412192843185,1185,985,0.5839826698584956,2,1179,1466,95,95,729,259,50,340,1477,1488,1175,1430,1200,1475,50,95,41,218.0
164,820,0,0,120,1185.1084728656585,985.4551655832954,-0.6525816630213728,2.319411127352396,1185,985,0.7975436397714046,2,1404,1266,95,95,712,272,46,327,1480,1490,1175,1430,1200,1475,50,95,37,219.0
165,825,0,1,120,1185.3035379409905,985.0003521491425,2.7513730078407965,0.7216737364190703,1185,985,0.13923529923239442,2,1221,1361,95,95,725,278,49,338,1478,1485,1175,1430,1200,1475,50,95,38,220.0
166,830,1,0,120,1183.5389675421266,984.2117015633693,-1.1829199687424927,-0.9700102181814991,1185,985,0.3954755901423802,2,1225,1200,95,95,731,282,51,346,1485,1484,1175,1430,1200,1475,50,95,35,221.0
167,835,0,1,120,1185.5070015083809,982.3768072188702,-2.285328312255136,0.42553099762548463,1185,985,0.9237000942875174,2,1399,1273,95,95,728,273,49,341,1479,1482,1175,1430,1200,1475,50,95,41,222.0
168,840,0,1,120,1185.7706173774557,983.7585844197632,1.9279990100439062,0.04363349957889688,1185,985,0.1646203338435861,2,1357,1276,95,95,720,269,48,339,1478,1499,1175,1430,1200,1475,50,95,42,223.0
169,845,1,1,120,1182.5857234260254,983.7668822948772,-0.3866012485903527,-1.8691856872177464,1185,985,0.9761191534156007,2,1240,1337,95,95,750,262,47,333,1479,1492,1175,1430,1200,1475,50,95,37,224.0
170,850,1,1,120,1187.93536067209,984.6065653598857,3.9040404122908843,-0.9690158040150261,1185,985,0.03283610507162937,2,1469,1378,95,95,747,266,45,337,1482,1489,1175,1430,1200,1475,50,95,39,225.0
171,855,1,0,120,1187.6579227997297,984.4058183465861,0.09818704073077722,1.742702361950205,1185,985,0.116133925445149,2,1293,1311,95,95,749,281,46,338,1476,1499,1175,1430,1200,1475,50,95,36,226.0
172,860,1,0,120,1184.691256998353,984.8402383674157,0.9110668211742758,0.36932279914030763,1185,985,0.37972044946364425,2,1407,1347,95,95,747,257,46,335,1482,1494,1175,1430,1200,1475,50,95,40,227.0
173,865,0,1,120,1185.8542282310523,986.908321257934,2.621724448682587,-1.323671124216504,1185,985,0.8561400325985357,2,1449,1439,95,95,743,280,48,346,1478,1500,1175,1430,1200,1475,50,95,36,228.0
174,870,0,0,120,1184.5888143569268,985.558031810732,2.303607167991946,-1.4853932412487825,1185,985,0.9930259420923865,2,1337,1277,95,95,742,280,48,332,1475,1485,1175,1430,1200,1475,50,95,37,229.0
175,875,1,0,120,1187.1603181728055,984.1330965023761,1.072960190556611,3.107302060639699,1185,985,0.5753076606332456,2,1417,1404,95,95,713,260,48,341,1483,1490,1175,1430,1200,1475,50,95,40,230.0
176,880,0,1,120,1185.8915468522036,987.079244892319,1.7172754489768758,0.8053938575671944,1185,985,0.605818739498356,2,1456,1232,95,95,743,262,48,334,1478,1490,1175,1430,1200,1475,50,95,35,231.0
177,885,1,1,120,1185.1828131371321,989.1289807512178,2.075781194470866,1.7748929820268589,1185,985,0.4910056202750832,2,1362,1236,95,95,712,265,48,330,1482,1489,1175,1430,1200,1475,50,95,37,232.0
178,890,0,1,120,1187.217870545668,984.0723341999152,0.04673396343236247,0.5164320237510004,1185,985,0.6488097106601459,2,1490,1206,95,95,724,256,45,327,1485,1493,1175,1430,1200,1475,50,95,39,233.0
179,895,0,1,120,1185.5519471753062,983.1797427375276,0.8241218831223143,0.4162962381728617,1185,985,0.956243674793449,2,1308,1352,95,95,743,282,47,343,1480,1496,1175,1430,1200,1475,50,95,37,234.0
180,900,0,1,120,1182.9175746959475,982.5386851816247,3.7093880170136924,-0.30579963620983974,1185,985,0.9497541161913051,2,1382,1353,95,95,721,269,51,349,1479,1479,1175,1430,1200,1475,50,95,39,235.0
181,905,1,0,120,1185.193148572438,984.4440277645367,-1.0344713241572843,-1.1090043336296458,1185,985,0.2315898030292618,2,1391,1449,95,95,719,279,48,347,1475,1488,1175,1430,1200,1475,50,95,35,236.0
182,910,0,1,120,1189.2155822870395,986.6727290955267,2.2496423538596444,1.7421044981920253,1185,985,0.046483711649651815,2,1448,1231,95,95,743,289,48,339,1478,1484,1175,1430,1200,1475,50,95,42,237.0
183,915,0,1,120,1181.9437386804916,984.4943640131929,0.29368680961659677,-1.0379551847116917,1185,985,0.6849892290327735,2,1179,1349,95,95,717,276,48,331,1475,1482,1175,1430,1200,1475,50,95,41,238.0
184,920,1,0,120,1183.1944170966938,985.5484380410475,-1.7298560231130213,1.8301691254484325,1185,985,0.08544519337331324,2,1414,1366,95,95,737,263,48,340,1482,1496,1175,1430,1200,1475,50,95,41,239.0
185,925,0,0,120,1188.5034478639832,989.0729582631074,0.2191861597567697,0.7556845997721144,1185,985,0.6019590057801689,2,1295,1455,95,95,732,286,49,336,1485,1493,1175,1430,1200,1475,50,95,35,240.0
186,930,1,1,120,1188.9513897391207,980.2461110055916,0.8499362513463026,-0.4989852382587744,1185,985,0.910120027572039,2,1487,1415,95,95,751,278,46,332,1481,1499,1175,1430,1200,1475,50,95,40,241.0
187,935,0,0,120,1186.1001841593998,986.9417599025621,2.550945716684541,-1.4290848411682897,1185,985,0.24445503139350722,2,1190,1259,95,95,729,283,48,326,1484,1478,1175,1430,1200,1475,50,95,40,242.0
188,940,0,1,120,1186.2411478417189,984.9685876314089,-1.1723056414407307,0.9521477176692368,1185,985,0.6810036830701289,2,1473,1351,95,95,739,279,49,331,1478,1489,1175,1430,1200,1475,50,95,38,243.0
189,945,1,1,120,1184.8597401820075,986.071631634286,-0.36236858063235333,1.1149000784557168,1185,985,0.7998816704404335,2,1357,1448,95,95,727,275,47,326,1477,1490,1175,1430,1200,1475,50,95,39,244.0
190,950,0,1,120,1184.473451414069,986.0853056768425,1.6058262090445443,-0.5072070100067716,1185,985,0.22404819177697577,2,1288,1236,95,95,733,255,50,331,1484,1483,1175,1430,1200,1475,50,95,41,245.0
191,955,0,0,120,1185.0639526543164,988.553244954497,1.3632567807332043,-0.5538395048870685,1185,985,0.26885202473167447,2,1234,1318,95,95,727,268,47,336,1481,1482,1175,1430,1200,1475,50,95,38,246.0
192,960,1,1,120,1188.2085750889314,984.2588655600648,2.4263271166425042,-2.720031493739314,1185,985,0.15631156100284538,2,1207,1411,95,95,719,255,46,329,1477,1482,1175,1430,1200,1475,50,95,36,247.0
193,965,0,1,120,1180.1911814647217,984.9858472690084,1.2138157767459818,-1.1002929968259147,1185,985,0.9431758454791502,2,1397,1220,95,95,719,257,50,347,1485,1490,1175,1430,1200,1475,50,95,38,248.0
194,970,1,1,120,1184.1485924522729,987.6239549271974,0.31353626264407675,-0.4695849044331203,1185,985,0.015414092429897774,2,1404,1263,95,95,720,257,49,332,1479,1479,1175,1430,1200,1475,50,95,39,249.0
195,975,0,1,120,1185.717783034245,983.1148978176623,-1.1814454432641595,0.0773312393936685,1185,985,0.46017407334865323,2,1247,1280,95,95,738,276,48,338,1480,1493,1175,1430,1200,1475,50,95,38,250.0
196,980,0,0,120,1184.907092859447,985.038547596404,3.132666085354165,-1.1942519152611146,1185,985,0.533467457195359,2,1242,1367,95,95,740,279,47,343,1480,1481,1175,1430,1200,1475,50,95,42,251.0
197,985,1,0,120,1189.2379554438598,985.5635252013484,2.905404913773899,-1.8039543677759189,1185,985,0.9344109392237218,2,1398,1335,95,95,712,259,47,330,1484,1480,1175,1430,1200,1475,50,95,42,252.0
198,990,0,1,120,1186.5150657447352,983.5618358927787,1.678850684774133,0.08582221193771293,1185,985,0.4273390416330808,2,1489,1346,95,95,742,263,50,334,1479,1489,1175,1430,1200,1475,50,95,41,253.0
199,995,0,1,120,1186.0289966390824,982.8997272908697,4.529507063432863,-0.3654761360434528,1185,985,0.6562371346716368,2,1401,1412,95,95,729,258,49,339,1476,1487,1175,1430,1200,1475,50,95,40,254.0
200,1000,1,1,120,1185.678757672948,983.2368439852102,1.8508955434051562,0.40232495603829926,1185,985,0.6175360451239547,2,1268,1313,95,95,730,285,51,342,1481,1499,1175,1430,1200,1475,50,95,38,255.0
201,1005,1,1,120,1181.6918291522493,981.5012987701265,0.6176970111958707,-0.18266037261988896,1185,985,0.21918261606043166,2,1374,1467,95,95,718,262,46,337,1481,1500,1175,1430,1200,1475,50,95,35,256.0
202,1010,1,0,120,1187.5582541589185,983.5259630990503,1.6169121348658166,-0.47652003117850206,1185,985,0.44870923659323547,2,1458,1342,95,95,751,256,48,337,1481,1485,1175,1430,1200,1475,50,95,40,257.0
203,1015,0,1,120,1185.378370579336,983.3400769887934,1.3748342408165222,-2.461501260264701,1185,985,0.8127834319744431,2,1390,1473,95,95,712,259,45,348,1478,1495,1175,1430,1200,1475,50,95,37,258.0
204,1020,1,1,120,1185.201496109565,980.56165434833,0.7215124876682015,-0.44620687199831033,1185,985,0.9054321973390173,2,1242,1398,95,95,746,264,46,332,1484,1482,1175,1430,1200,1475,50,95,40,259.0
205,1025,0,1,120,1182.9756898121213,983.0619289571536,0.3032931839647225,-1.1308671536745964,1185,985,0.6854606676044289,2,1282,1371,95,95,733,261,48,337,1479,1496,1175,1430,1200,1475,50,95,40,260.0
206,1030,0,0,120,1186.1552865386484,983.7001975025911,0.5462831493197874,0.800508063555772,1185,985,0.8271390177460447,2,1479,1212,95,95,728,277,48,343,1475,1482,1175,1430,1200,1475,50,95,39,261.0
207,1035,1,0,120,1185.7855282844225,986.5326158468038,0.8206026006383657,-1.5599060073535953,1185,985,0.19403841341005224,2,1179,1253,95,95,729,261,47,331,1482,1488,1175,1430,1200,1475,50,95,39,262.0
208,1040,1,0,120,1186.1084852979918,988.2977506797996,1.2014773652622428,-1.9076523119833495,1185,985,0.8430385534765105,2,1339,1358,95,95,723,271,49,346,1481,1495,1175,1430,1200,1475,50,95,42,263.0
209,1045,1,1,120,1187.9813954890237,984.2994609916559,-0.8770254055243867,-0.6242962937536656,1185,985,0.7197324656959421,2,1349,1331,95,95,751,262,46,333,1478,1499,1175,1430,1200,1475,50,95,35,264.0
210,1050,0,0,120,1186.8032780127228,982.1416209194812,-3.998806518140541,-1.1993051400112382,1185,985,0.9480356301541385,2,1225,1301,95,95,732,278,51,339,1476,1492,1175,1430,1200,1475,50,95,39,265.0
211,1055,1,0,120,1186.2135359582333,984.7639267875417,0.15696514724159383,-0.8539374976501789,1185,985,0.5200430174935805,2,1359,1370,95,95,720,271,45,339,1479,1500,1175,1430,1200,1475,50,95,37,266.0
212,1060,1,0,120,1185.5387107407075,980.7858826414389,0.3894226226953288,1.1950821619168666,1185,985,0.8177794658668524,2,1246,1438,95,95,735,265,47,334,1483,1489,1175,1430,1200,1475,50,95,40,267.0
213,1065,0,0,120,1183.3973642160731,983.7122672214701,0.8363903495154137,1.3896809872706966,1185,985,0.38106176437666084,2,1464,1401,95,95,750,258,46,339,1481,1487,1175,1430,1200,1475,50,95,42,268.0
214,1070,1,1,120,1180.5319824609705,986.9940658979924,5.192182179105367,1.1121536926181654,1185,985,0.42164928704592874,2,1301,1374,95,95,724,286,46,330,1475,1484,1175,1430,1200,1475,50,95,35,269.0
215,1075,0,1,120,1181.1989070239956,985.7554781871639,0.26834693562375533,0.4494918322571917,1185,985,0.7702937258505178,2,1287,1389,95,95,742,282,47,336,1480,1484,1175,1430,1200,1475,50,95,36,270.0
216,1080,1,0,120,1184.6426962361052,983.2270657527376,-0.5453090301763668,-1.097309024992152,1185,985,0.8641437978025752,2,1175,1236,95,95,715,277,49,340,1475,1479,1175,1430,1200,1475,50,95,38,271.0
217,1085,0,1,120,1187.0649680388985,983.8551051983352,-0.30803362665380196,1.4702039970646863,1185,985,0.3608327223573803,2,1450,1255,95,95,717,265,50,330,1477,1493,1175,1430,1200,1475,50,95,42,272.0
218,1090,0,1,120,1185.5618854416418,983.4624872366851,0.8007735236127149,1.061018654854235,1185,985,0.17326342520418392,2,1239,1288,95,95,736,270,47,345,1484,1500,1175,1430,1200,1475,50,95,42,273.0
219,1095,1,0,120,1187.0774383146463,982.7616331391885,0.9949562318186788,0.8226954448375207,1185,985,0.051519216046904015,2,1432,1350,95,95,722,280,47,339,1478,1499,1175,1430,1200,1475,50,95,38,274.0
220,1100,1,0,120,1185.6970169338824,984.5602316191026,1.184214903907781,-0.8621182359193593,1185,985,0.34365426944632116,2,1224,1317,95,95,715,262,46,338,1478,1485,1175,1430,1200,1475,50,95,38,275.0
221,1105,0,1,120,1184.9905002736837,986.6271713704189,0.8105225839269086,-0.311199837077437,1185,985,0.39380260989803195,2,1362,1273,95,95,720,287,47,348,1479,1489,1175,1430,1200,1475,50,95,35,276.0
222,1110,1,0,120,1186.8090373128018,985.1936921652816,-0.5605852135386857,2.8206429241297597,1185,985,0.8749013630057577,2,1288,1204,95,95,746,275,45,331,1484,1485,1175,1430,1200,1475,50,95,42,277.0
223,1115,1,0,120,1186.2961757375842,984.7983743112832,1.7382896705804378,1.651792626919729,1185,985,0.13470636820295245,2,1179,1371,95,95,725,261,50,325,1477,1480,1175,1430,1200,1475,50,95,40,278.0
224,1120,0,1,120,1185.6293220498364,986.8837965205425,-0.839611328382343,0.6311177929147418,1185,985,0.2946204119858812,2,1299,1428,95,95,716,277,49,340,1480,1500,1175,1430,1200,1475,50,95,38,279.0
225,1125,1,1,120,1181.9110727231616,987.0510280562523,1.9175776349201015,-0.3482653062394214,1185,985,0.8623119068154727,2,1287,1272,95,95,732,272,51,334,1477,1500,1175,1430,1200,1475,50,95,42,280.0
226,1130,0,0,120,1179.9203152645027,989.194710947695,-0.07137018274422524,-0.025523400167059247,1185,985,0.6457900570981814,2,1241,1467,95,95,725,270,45,342,1478,1495,1175,1430,1200,1475,50,95,37,281.0
227,1135,1,0,120,1183.1380553233475,982.2589021313166,-0.5759358655765636,0.33153047162014226,1185,985,0.8908086036701304,2,1426,1287,95,95,746,272,46,348,1483,1488,1175,1430,1200,1475,50,95,35,282.0
228,1140,1,0,120,1182.2708407846383,984.9463175377577,-0.18631869546058621,-0.12762735078478438,1185,985,0.2996127626745365,2,1324,1202,95,95,729,288,51,334,1482,1487,1175,1430,1200,1475,50,95,39,283.0
229,1145,1,1,120,1186.779232153476,985.4192868184953,1.9014710432737463,-0.5333463373037799,1185,985,0.595433226444109,2,1359,1384,95,95,743,265,47,342,1475,1488,1175,1430,1200,1475,50,95,38,284.0
230,1150,0,0,120,1184.8875791895139,984.6973392364891,2.530532966937579,-0.443419044786159,1185,985,0.7197018624845304,2,1332,1443,95,95,729,272,49,325,1483,1482,1175,1430,1200,1475,50,95,39,285.0
231,1155,0,1,120,1185.8687972116625,982.716512605374,-0.6078743403511921,1.7743292461610487,1185,985,0.7685639627757249,2,1477,1300,95,95,743,273,51,327,1475,1492,1175,1430,1200,1475,50,95,37,286.0
232,1160,1,1,120,1186.4775768786558,986.4554782483569,1.1365498751364425,2.281457294658344,1185,985,0.7088269202240628,2,1325,1336,95,95,741,282,51,328,1477,1483,1175,1430,1200,1475,50,95,36,287.0
233,1165,0,1,120,1187.4857597323542,982.5744416158606,2.828393480277473,-0.10348562945283828,1185,985,0.8174962706923989,2,1475,1455,95,95,747,265,45,334,1478,1478,1175,1430,1200,1475,50,95,37,288.0
234,1170,0,1,120,1185.5150014761177,983.7877766168916,1.5570672683140723,0.053007561592050084,1185,985,0.2926287478844882,2,1370,1438,95,95,712,263,47,349,1478,1486,1175,1430,1200,1475,50,95,35,289.0
235,1175,1,1,120,1185.5969611207513,983.3380566069566,1.3071778414886521,1.089074582793148,1185,985,0.07621759330769762,2,1466,1406,95,95,724,265,48,326,1477,1480,1175,1430,1200,1475,50,95,41,290.0
236,1180,1,0,120,1187.229404997615,980.4294000401685,-2.6065563862551393,0.6720246363686413,1185,985,0.2223147628684149,2,1312,1380,95,95,751,283,47,336,1481,1498,1175,1430,1200,1475,50,95,38,291.0
237,1185,1,1,120,1184.0734114896557,986.1258265111867,-0.36640742893507916,0.5667244117640675,1185,985,0.2550888459168511,2,1406,1445,95,95,749,262,47,330,1481,1489,1175,1430,1200,1475,50,95,40,292.0
238,1190,1,0,120,1185.6579575886967,982.9025275145655,-0.019259091819748053,-1.7267730678408553,1185,985,0.6598151089899287,2,1231,1373,95,95,715,271,47,337,1475,1490,1175,1430,1200,1475,50,95,40,293.0
239,1195,0,0,120,1185.8822567469572,984.839554867504,0.12393349349781324,-0.28856028461887695,1185,985,0.6622553836625843,2,1446,1404,95,95,722,276,48,335,1479,1494,1175,1430,1200,1475,50,95,42,294.0
240,1200,1,1,120,1185.1386447180562,986.9727939209795,1.7005196129939022,0.06914359218989762,1185,985,0.5379742565549285,2,1221,1413,95,95,750,282,45,334,1482,1494,1175,1430,1200,1475,50,95,35,295.0
241,1205,1,1,120,1185.173568006919,984.4560967829361,0.5240034810044752,-1.2853848106902643,1185,985,0.9185769661611057,2,1306,1253,95,95,736,284,46,334,1485,1484,1175,1430,1200,1475,50,95,41,296.0
242,1210,0,1,120,1182.215142248674,982.7699650884578,0.04322082856049014,-0.27557088025861914,1185,985,0.38246730845241284,2,1281,1213,95,95,739,282,48,342,1476,1497,1175,1430,1200,1475,50,95,37,297.0
243,1215,1,0,120,1182.547017839164,988.097280735693,-0.23135423185285897,-0.27874353365093774,1185,985,0.35182090962976664,2,1370,1228,95,95,719,273,45,328,1477,1489,1175,1430,1200,1475,50,95,40,298.0
244,1220,1,0,120,1183.4687019508624,983.1862094594405,-1.5355876359512413,0.4600473335325759,1185,985,0.41995622829753765,2,1194,1216,95,95,713,284,48,331,1485,1498,1175,1430,1200,1475,50,95,41,299.0
245,1225,0,0,120,1186.0588281529986,984.5433669623086,3.219885388359515,-1.1216805099430371,1185,985,0.23266238281790708,2,1221,1310,95,95,736,256,45,343,1482,1478,1175,1430,1200,1475,50,95,39,300.0
246,1230,1,0,120,1184.0125725767116,985.9190389231703,-1.1422235902187097,-0.8062188563817607,1185,985,0.44662820293528205,2,1445,1263,95,95,736,272,49,339,1479,1487,1175,1430,1200,1475,50,95,35,301.0
247,1235,0,0,120,1186.4074920027872,984.1752893299239,-1.7996688363849873,0.8024083287387505,1185,985,0.684902345214486,2,1275,1352,95,95,750,270,46,325,1479,1483,1175,1430,1200,1475,50,95,35,302.0
248,1240,0,0,120,1185.8700321390763,982.2267253582884,1.0652404269948583,0.8502976764486017,1185,985,0.023447254371058768,2,1208,1259,95,95,722,265,49,341,1479,1500,1175,1430,1200,1475,50,95,39,303.0
249,1245,1,0,120,1187.465807194136,984.7944826855462,1.0082545156062206,0.33549434672288936,1185,985,0.21990052888944467,2,1224,1338,95,95,747,274,45,349,1475,1488,1175,1430,1200,1475,50,95,41,304.0
250,1250,0,1,120,1182.735023643195,985.9663536888987,-0.6840065091105991,-0.74225339719405,1185,985,0.008167417030414903,2,1432,1255,95,95,721,289,50,325,1476,1486,1175,1430,1200,1475,50,95,39,305.0
251,1255,0,0,120,1184.3227256577472,986.1081382493488,0.3707271054770617,0.6717187665827258,1185,985,0.802251631518667,2,1425,1259,95,95,729,271,51,325,1480,1481,1175,1430,1200,1475,50,95,39,306.0
252,1260,0,1,120,1185.7118015793883,989.490611221095,-0.1868088135337007,3.7054968965263098,1185,985,0.010069615404688093,2,1187,1332,95,95,735,256,48,348,1479,1490,1175,1430,1200,1475,50,95,38,307.0
253,1265,0,0,120,1185.8802034734192,985.8070879574572,-0.05466915555293217,0.979617394561056,1185,985,0.7091508346405928,2,1347,1288,95,95,731,271,45,329,1475,1494,1175,1430,1200,1475,50,95,39,308.0
254,1270,0,0,120,1186.272794721691,984.4237754769244,2.1869964948387075,1.3591513530471562,1185,985,0.07123444355235431,2,1271,1228,95,95,714,279,47,342,1475,1485,1175,1430,1200,1475,50,95,37,309.0
255,1275,0,1,120,1180.3125129049208,985.7110304287876,2.2333232771433034,-4.230547057973428,1185,985,0.8578642698879113,2,1467,1430,95,95,740,277,50,326,1475,1491,1175,1430,1200,1475,50,95,35,310.0
256,1280,1,0,120,1184.1017531684658,982.7676282716765,0.593083743322644,-0.48640951295956525,1185,985,0.46085162525050005,2,1275,1328,95,95,732,274,49,337,1481,1491,1175,1430,1200,1475,50,95,36,311.0
257,1285,1,0,120,1187.1638130045212,982.8862396859278,2.3744921615786865,1.4557254782842082,1185,985,0.7916020183810811,2,1390,1202,95,95,734,264,48,327,1479,1485,1175,1430,1200,1475,50,95,38,312.0
258,1290,1,1,120,1184.4601608018756,986.4725066432691,0.695371752449444,1.1318530635161366,1185,985,0.8257143807948923,2,1434,1387,95,95,737,289,46,328,1479,1499,1175,1430,1200,1475,50,95,36,313.0
259,1295,0,1,120,1188.272117675817,983.7274247848336,0.621598892248086,-1.4994680636206579,1185,985,0.7631985995646184,2,1404,1474,95,95,750,263,46,329,1479,1486,1175,1430,1200,1475,50,95,39,314.0
260,1300,0,1,120,1182.0680343832498,984.7051094870375,0.838502229207671,-0.27184358848983076,1185,985,0.9560234067720382,2,1449,1367,95,95,715,255,48,329,1479,1481,1175,1430,1200,1475,50,95,41,315.0
261,1305,0,1,120,1186.56870017465,987.3586515374344,1.6140878424320844,1.7846186334916134,1185,985,0.6972744299655695,2,1275,1265,95,95,747,273,46,332,1485,1491,1175,1430,1200,1475,50,95,39,316.0
262,1310,1,0,120,1186.287480478585,984.0412854729478,3.3637791731906344,-0.6453113730120896,1185,985,0.20766044050653565,2,1259,1244,95,95,722,278,51,332,1485,1490,1175,1430,1200,1475,50,95,42,317.0
263,1315,1,0,120,1183.6741885116833,985.6333257091557,4.969554882321542,-0.4895832403538425,1185,985,0.5797867745883495,2,1356,1275,95,95,730,256,45,325,1480,1496,1175,1430,1200,1475,50,95,35,318.0
264,1320,1,1,120,1181.7546632160336,984.3774795118037,-1.184157537754866,1.278589261029133,1185,985,0.6132068572870653,2,1360,1348,95,95,733,283,46,328,1479,1500,1175,1430,1200,1475,50,95,37,319.0
265,1325,1,0,120,1187.3500926259599,986.1820710967052,0.9841562386378588,-1.0873482656801838,1185,985,0.9317960965762334,2,1271,1356,95,95,741,280,46,326,1482,1485,1175,1430,1200,1475,50,95,38,320.0
266,1330,0,0,120,1183.1679764851744,983.2364938830033,0.4796665865787254,-0.36347713605818355,1185,985,0.5587159882209185,2,1235,1388,95,95,737,281,50,342,1485,1489,1175,1430,1200,1475,50,95,38,321.0
267,1335,1,1,120,1183.7556951828442,988.6999898816813,2.3184905653742827,0.7864870483304955,1185,985,0.5784717647172516,2,1317,1256,95,95,745,260,46,328,1483,1491,1175,1430,1200,1475,50,95,38,322.0
268,1340,0,0,120,1185.8244903530713,984.8544069772112,0.23604919395011248,-0.8417648079995235,1185,985,0.650555983616434,2,1446,1254,95,95,741,271,51,331,1475,1497,1175,1430,1200,1475,50,95,36,323.0
269,1345,0,1,120,1184.00184270179,983.9658278792273,0.27660369625837933,2.4181898305677954,1185,985,0.2270945531916222,2,1309,1231,95,95,719,280,46,328,1478,1494,1175,1430,1200,1475,50,95,35,324.0
270,1350,0,0,120,1187.854815548778,984.8693956838075,3.4517224564149878,-0.0693081843746831,1185,985,0.07214198217437828,2,1181,1216,95,95,727,260,49,336,1476,1487,1175,1430,1200,1475,50,95,36,325.0
271,1355,0,0,120,1187.3387846989738,983.7395189846766,-1.357480420472365,-0.8525978483697229,1185,985,0.48620277426461345,2,1359,1342,95,95,724,255,50,347,1478,1487,1175,1430,1200,1475,50,95,40,326.0
272,1360,1,1,120,1184.9994522666518,985.0616003657348,-0.8898126855459896,-0.6931264523113698,1185,985,0.10987271725532533,2,1252,1221,95,95,715,289,46,335,1478,1494,1175,1430,1200,1475,50,95,37,327.0
273,1365,0,1,120,1182.6037398249814,986.3628080360826,1.1278353586584715,0.012195102573611942,1185,985,0.10390932717379753,2,1424,1243,95,95,731,289,47,325,1480,1487,1175,1430,1200,1475,50,95,42,328.0
274,1370,0,1,120,1188.1508996187765,983.5857410576992,1.966920091229268,0.14853963270887285,1185,985,0.7193875793704813,2,1426,1276,95,95,732,262,50,344,1484,1479,1175,1430,1200,1475,50,95,38,329.0
275,1375,0,0,120,1186.4127068765254,986.5512796277935,3.5849050190320053,-0.18459003928357895,1185,985,0.1913480000091552,2,1275,1282,95,95,739,280,51,330,1485,1486,1175,1430,1200,1475,50,95,40,330.0
276,1380,1,0,120,1182.8765072366073,982.9574973358108,1.894998447748654,-3.212437186006867,1185,985,0.7723086019531528,2,1279,1372,95,95,738,287,49,327,1480,1498,1175,1430,1200,1475,50,95,42,331.0
277,1385,0,1,120,1186.5380083417067,986.3651010756818,1.6730159225541894,-1.3789736485169615,1185,985,0.609245165167163,2,1344,1361,95,95,748,280,46,326,1482,1491,1175,1430,1200,1475,50,95,37,332.0
278,1390,1,1,120,1182.5232751557762,986.1042315160765,2.0761785090294405,0.8356379382061131,1185,985,0.7849461062987042,2,1336,1289,95,95,750,270,49,326,1475,1484,1175,1430,1200,1475,50,95,38,333.0
279,1395,1,1,120,1182.959231748921,983.1435517465887,2.040370245192425,0.6953210510632144,1185,985,0.7444946290473382,2,1407,1421,95,95,748,272,45,333,1479,1492,1175,1430,1200,1475,50,95,41,334.0
280,1400,0,0,120,1181.784482626014,984.1334551591493,1.765058980976041,-1.390644420455247,1185,985,0.27825050313790434,2,1238,1219,95,95,739,266,49,343,1483,1487,1175,1430,1200,1475,50,95,39,335.0
281,1405,1,0,120,1183.3842591909356,986.3937680366066,0.9810234805663793,1.1733974211164486,1185,985,0.8918668209834338,2,1266,1295,95,95,742,268,51,339,1475,1492,1175,1430,1200,1475,50,95,37,336.0
282,1410,1,0,120,1183.1704954724628,987.8661493300228,3.0043467691442833,2.864039269613193,1185,985,0.41428946043062476,2,1240,1324,95,95,728,287,49,327,1482,1499,1175,1430,1200,1475,50,95,41,337.0
283,1415,0,1,120,1186.0120528851685,987.4931399767895,-0.23310057871191936,0.04099334464569074,1185,985,0.18278508788028835,2,1289,1218,95,95,744,288,45,331,1480,1499,1175,1430,1200,1475,50,95,39,338.0
284,1420,0,0,120,1184.312036863475,984.5647589217358,0.3030487813273931,0.897265851998498,1185,985,0.17511537511873043,2,1420,1253,95,95,725,263,45,330,1477,1493,1175,1430,1200,1475,50,95,37,339.0
285,1425,0,1,120,1184.489768752073,982.8920053813551,-1.217002735315999,1.5279911381698015,1185,985,0.24757594494144097,2,1416,1310,95,95,718,260,49,326,1485,1491,1175,1430,1200,1475,50,95,35,340.0
286,1430,1,1,120,1181.881990466239,986.1238041942388,1.236177917125878,2.04961269889236,1185,985,0.398926905949352,2,1344,1391,95,95,732,261,51,327,1477,1486,1175,1430,1200,1475,50,95,42,341.0
287,1435,1,0,120,1185.539698970502,983.3012590134731,0.5122502840867458,2.2482673003484845,1185,985,0.9054185755726372,2,1239,1440,95,95,738,266,49,349,1475,1486,1175,1430,1200,1475,50,95,41,342.0
288,1440,1,1,120,1186.0031528683248,984.1753308765142,0.8337692256840883,1.7975093602566405,1185,985,0.801714265747851,2,1196,1318,95,95,729,285,47,342,1479,1495,1175,1430,1200,1475,50,95,35,343.0
289,1445,0,1,120,1186.206089674135,984.9925366518313,1.4977423591933376,0.9596133484581203,1185,985,0.337698081781171,2,1304,1256,95,95,750,276,50,346,1476,1489,1175,1430,1200,1475,50,95,40,344.0
290,1450,0,0,120,1183.4376952067046,985.3531088565207,2.682409668838342,0.387650461894006,1185,985,0.962383662896455,2,1485,1262,95,95,749,288,51,333,1483,1490,1175,1430,1200,1475,50,95,41,345.0
291,1455,1,0,120,1185.2132666245448,984.5633360120095,1.1030890073075974,-1.367057463052475,1185,985,0.0221308402425614,2,1331,1375,95,95,732,284,49,346,1475,1497,1175,1430,1200,1475,50,95,38,346.0
292,1460,0,1,120,1185.8469057392754,984.7885027169965,-0.2771220737506108,3.3517438638659933,1185,985,0.24497877352601716,2,1409,1391,95,95,745,276,46,340,1485,1489,1175,1430,1200,1475,50,95,38,347.0
293,1465,0,1,120,1182.307580287257,982.6194502224583,0.5634098165816745,0.05647239142570015,1185,985,0.49776339496242195,2,1356,1216,95,95,744,265,46,348,1484,1484,1175,1430,1200,1475,50,95,40,348.0
294,1470,1,0,120,1185.2262536553962,984.800102438123,1.9880327756132468,1.2079695722770927,1185,985,0.7430008898616207,2,1453,1306,95,95,746,255,48,335,1475,1500,1175,1430,1200,1475,50,95,41,349.0
295,1475,0,1,120,1180.9646793744882,983.7984994584499,3.095117408604639,1.838646064308758,1185,985,0.33382192880879236,2,1216,1258,95,95,717,268,47,326,1484,1500,1175,1430,1200,1475,50,95,38,350.0
296,1480,0,1,120,1186.9417697767021,986.4623602147809,2.1380415985198367,-1.0296016847528293,1185,985,0.8565760514575783,2,1349,1440,95,95,738,262,50,326,1480,1499,1175,1430,1200,1475,50,95,36,351.0
297,1485,0,0,120,1185.9495668714,982.1157125299065,-2.1066558895777785,1.4039788078030675,1185,985,0.7191799190045646,2,1234,1318,95,95,729,257,51,340,1480,1497,1175,1430,1200,1475,50,95,39,352.0
298,1490,1,1,120,1185.3413065907,984.0971324090251,1.7944757711249542,0.21721514465048056,1185,985,0.1849042760203986,2,1243,1300,95,95,739,279,49,335,1480,1492,1175,1430,1200,1475,50,95,42,353.0
299,1495,0,1,120,1184.9144084698723,987.5382486560678,0.38394169716656334,0.15812815673096162,1185,985,0.6707696958465599,2,1345,1246,95,95,735,264,46,337,1477,1495,1175,1430,1200,1475,50,95,35,354.0
300,1500,0,1,120,1184.9402059714369,985.6403498184216,2.198002817942693,3.0332575809531255,1185,985,0.20044471788654483,2,1188,1343,95,95,732,281,46,344,1483,1494,1175,1430,1200,1475,50,95,37,355.0
301,1505,0,1,120,1184.0404299836841,985.6067089360482,-0.7630893188760115,-0.2232561005853134,1185,985,0.26244887120926785,2,1408,1227,95,95,747,274,45,335,1485,1491,1175,1430,1200,1475,50,95,36,356.0
302,1510,1,0,120,1185.0993653505102,981.4676158322073,-1.4068592415809216,1.1234920510705457,1185,985,0.19908611480439398,2,1401,1466,95,95,747,270,47,337,1479,1498,1175,1430,1200,1475,50,95,38,357.0
303,1515,1,1,120,1184.9013317009196,985.1358262639505,1.800748758875437,-0.10672870411499787,1185,985,0.6382179479748475,2,1419,1440,95,95,743,273,45,338,1476,1478,1175,1430,1200,1475,50,95,39,358.0
304,1520,0,0,120,1182.5678495682776,984.1643998233018,0.45369801335641813,2.208118175353994,1185,985,0.2810655995160838,2,1272,1384,95,95,730,267,46,344,1484,1486,1175,1430,1200,1475,50,95,37,359.0
305,1525,1,1,120,1184.3699478741078,984.9043747530615,1.224639841546421,-0.5359659156486929,1185,985,0.7164956068581623,2,1204,1317,95,95,720,268,49,340,1482,1500,1175,1430,1200,1475,50,95,37,360.0
306,1530,1,1,120,1185.3559007682309,983.2530393056159,-1.3150824284801759,0.6925478297831108,1185,985,0.8018750688204126,2,1411,1288,95,95,727,282,49,325,1478,1496,1175,1430,1200,1475,50,95,36,361.0
307,1535,0,0,120,1183.283884775178,985.6794793397256,1.9072434773650444,-0.5525086057292327,1185,985,0.9765387336673087,2,1346,1230,95,95,727,282,49,338,1484,1499,1175,1430,1200,1475,50,95,41,362.0
308,1540,1,1,120,1186.170567036508,982.8822146090608,2.1258922717370465,-0.5194766215524744,1185,985,0.26864206170928573,2,1225,1264,95,95,742,263,51,330,1484,1486,1175,1430,1200,1475,50,95,40,363.0
309,1545,0,1,120,1182.5178097600149,987.0185737605537,0.7690750647957787,-1.201671162753044,1185,985,0.7538611354225089,2,1451,1407,95,95,736,274,47,327,1485,1492,1175,1430,1200,1475,50,95,39,364.0
310,1550,1,0,120,1181.1975415543452,987.7484672294909,2.127991547910595,-0.24447647609613324,1185,985,0.18098421360714068,2,1461,1378,95,95,725,289,50,327,1478,1498,1175,1430,1200,1475,50,95,40,365.0
311,1555,0,0,120,1186.9422711593627,985.3665075827199,3.6829804715114536,-1.2700870724509803,1185,985,0.4255694640646923,2,1417,1365,95,95,732,270,45,340,1482,1485,1175,1430,1200,1475,50,95,40,366.0
312,1560,0,0,120,1183.3800984000654,987.2046790181057,1.5301197213760367,-0.2339067321146314,1185,985,0.5113138779291911,2,1236,1258,95,95,733,272,48,347,1485,1487,1175,1430,1200,1475,50,95,37,367.0
313,1565,1,1,120,1184.9875111946335,985.8672876678298,1.384156175750053,-1.7570079233695903,1185,985,0.29879027094424115,2,1275,1436,95,95,751,276,50,345,1479,1496,1175,1430,1200,1475,50,95,41,368.0
314,1570,0,0,120,1182.9702085759084,986.1242818976104,2.4561155780390305,0.9541715523014146,1185,985,0.773655013915769,2,1426,1244,95,95,748,262,47,331,1482,1493,1175,1430,1200,1475,50,95,37,369.0
315,1575,0,1,120,1185.7562449339134,984.4778466123204,0.12749986205863162,1.5966086539793025,1185,985,0.4971298272431547,2,1258,1398,95,95,729,267,51,344,1484,1496,1175,1430,1200,1475,50,95,42,370.0
316,1580,0,0,120,1185.899658270107,985.8044365411495,3.995390951263839,1.1393007776670374,1185,985,0.5172392076684194,2,1468,1460,95,95,720,283,50,347,1478,1480,1175,1430,1200,1475,50,95,42,371.0
317,1585,1,0,120,1184.2917900068621,986.7851774451608,-2.894313141204062,1.7243338892537008,1185,985,0.7322519596623357,2,1487,1329,95,95,726,257,47,328,1484,1494,1175,1430,1200,1475,50,95,42,372.0
318,1590,1,1,120,1187.1806843614663,986.5724643620727,2.2635189295015197,1.1213452128422625,1185,985,0.5144247760403298,2,1210,1434,95,95,748,272,51,331,1476,1498,1175,1430,1200,1475,50,95,35,373.0
319,1595,1,0,120,1188.2346400645843,985.8239011889068,1.0721433978823787,3.089074599300327,1185,985,0.7909443616702485,2,1182,1203,95,95,740,286,48,346,1483,1499,1175,1430,1200,1475,50,95,35,374.0
320,1600,0,0,120,1188.4238401368018,981.0215203174215,2.321520645827982,-1.299847469007838,1185,985,0.8810664506902576,2,1193,1221,95,95,738,287,47,334,1480,1489,1175,1430,1200,1475,50,95,38,375.0
321,1605,0,1,120,1184.9315602155004,985.7765449407963,2.209470345540918,-0.5123318523248461,1185,985,0.5918947537450816,2,1337,1445,95,95,735,255,48,340,1478,1479,1175,1430,1200,1475,50,95,42,376.0
322,1610,1,0,120,1181.2116306754672,983.2888530125773,0.2975387620019674,-0.7157652284402192,1185,985,0.8087709429574953,2,1246,1415,95,95,747,280,46,327,1476,1484,1175,1430,1200,1475,50,95,35,377.0
323,1615,0,0,120,1183.6895300811257,985.3369594333229,3.3928108735660523,0.306239055343615,1185,985,0.8673139728005111,2,1372,1354,95,95,732,261,49,336,1482,1483,1175,1430,1200,1475,50,95,38,378.0
324,1620,1,0,120,1183.7844104556195,986.6044171709377,-0.28758222548114176,-2.0005653430616634,1185,985,0.9755105263667077,2,1241,1296,95,95,712,259,46,347,1482,1488,1175,1430,1200,1475,50,95,42,379.0
325,1625,0,0,120,1185.1794657730452,987.6230003476121,0.7274057896999796,0.46564353290824495,1185,985,0.7568526295186622,2,1472,1419,95,95,738,257,50,337,1477,1487,1175,1430,1200,1475,50,95,42,380.0
326,1630,1,1,120,1186.3583611567005,988.8212743032111,2.4504701910751914,1.4958626898269243,1185,985,0.40720725221746146,2,1456,1390,95,95,741,279,50,342,1483,1481,1175,1430,1200,1475,50,95,40,381.0
327,1635,0,1,120,1184.120643674898,986.485171171793,0.9972515789170153,-0.7419164421714532,1185,985,0.7477446606791494,2,1404,1366,95,95,722,288,51,346,1479,1481,1175,1430,1200,1475,50,95,42,382.0
328,1640,1,0,120,1187.5166696022256,987.3043381130449,0.7869477225286328,-0.3638349873344503,1185,985,0.3024901796228492,2,1486,1312,95,95,748,284,49,332,1484,1489,1175,1430,1200,1475,50,95,39,383.0
329,1645,0,0,120,1187.2113487662975,985.7847213900601,1.5441537649707855,2.397848568947206,1185,985,0.836534385564547,2,1368,1229,95,95,731,270,46,340,1485,1499,1175,1430,1200,1475,50,95,38,384.0
330,1650,1,1,120,1186.2924725537703,983.4188458108048,1.7434603192050506,-1.9726314853600508,1185,985,0.8698477661543174,2,1255,1225,95,95,726,260,47,332,1475,1487,1175,1430,1200,1475,50,95,42,385.0
331,1655,0,1,120,1182.149266716889,986.2216025908458,0.6188669102923474,0.21493863525340692,1185,985,0.570770917552882,2,1319,1227,95,95,725,255,50,336,1485,1486,1175,1430,1200,1475,50,95,38,386.0
332,1660,0,0,120,1183.8287051548957,981.4593600293068,-1.4964963537633766,-0.722476570425074,1185,985,0.27084502689256096,2,1295,1475,95,95,714,264,45,348,1476,1493,1175,1430,1200,1475,50,95,42,387.0
333,1665,1,0,120,1182.3763139845405,985.8471417308353,1.3532424391588544,1.6353067637186505,1185,985,0.22641431181524685,2,1422,1463,95,95,715,273,46,327,1478,1500,1175,1430,1200,1475,50,95,37,388.0
334,1670,0,1,120,1186.7935176206636,987.7391358192851,2.467290134154677,1.2043902947181566,1185,985,0.1897624296333923,2,1230,1209,95,95,715,284,46,329,1475,1494,1175,1430,1200,1475,50,95,38,389.0
335,1675,1,0,120,1184.8913361053212,984.2415744449257,-2.9055108537041328,0.4189064345997803,1185,985,0.9350808625035404,2,1487,1424,95,95,747,279,45,325,1484,1491,1175,1430,1200,1475,50,95,38,390.0
336,1680,1,0,120,1187.3019983160673,984.116627761112,1.6847448567026817,-1.8703546286166892,1185,985,0.22304388654401486,2,1414,1227,95,95,744,282,51,347,1484,1491,1175,1430,1200,1475,50,95,41,391.0
337,1685,0,0,120,1187.2735304382043,982.3911794865319,1.1804734218539834,-0.806524597510844,1185,985,0.2859918931923249,2,1389,1366,95,95,733,277,48,338,1484,1478,1175,1430,1200,1475,50,95,36,392.0
338,1690,1,1,120,1185.7139435994686,982.5995785009179,2.380812708971539,2.5612358183556383,1185,985,0.17324562807673693,2,1288,1325,95,95,735,268,51,349,1475,1499,1175,1430,1200,1475,50,95,39,393.0
339,1695,0,0,120,1184.8793317554696,986.8071961543335,3.8908836218078457,2.1575950504495998,1185,985,0.5343776727730235,2,1440,1309,95,95,749,275,48,346,1484,1497,1175,1430,1200,1475,50,95,39,394.0
340,1700,1,0,120,1187.3125891983025,986.2236227298547,-1.197862286459336,1.4406238725462608,1185,985,0.4168918882618118,2,1253,1227,95,95,741,261,49,345,1479,1479,1175,1430,1200,1475,50,95,40,395.0
341,1705,1,1,120,1187.6077992954963,983.4395443674136,-2.27314767418052,-0.2364665540542222,1185,985,0.6688895263927301,2,1195,1214,95,95,744,285,49,325,1478,1487,1175,1430,1200,1475,50,95,42,396.0
342,1710,1,1,120,1184.9526611968124,985.4218794888819,2.6149099597534393,0.46247389262888383,1185,985,0.29050136524161707,2,1367,1276,95,95,714,262,47,348,1477,1482,1175,1430,1200,1475,50,95,39,397.0
343,1715,1,1,120,1188.4943629824877,982.3143908221193,-0.20186069508554083,0.7932807926538712,1185,985,0.3230781147533621,2,1226,1211,95,95,728,282,47,326,1477,1500,1175,1430,1200,1475,50,95,40,398.0
344,1720,0,1,120,1185.128306522921,987.1558842888563,1.6477114989911072,1.6213963071985076,1185,985,0.5133461708263086,2,1440,1365,95,95,727,281,51,338,1475,1486,1175,1430,1200,1475,50,95,36,399.0
345,1725,0,0,120,1185.7184268620335,984.2230880809343,-1.856125799325971,-0.5671705869345491,1185,985,0.8982049090105817,2,1194,1299,95,95,735,262,51,328,1485,1488,1175,1430,1200,1475,50,95,37,400.0
346,1730,0,1,120,1185.3900625175913,983.3992660447708,1.711169199778573,-1.1682488267043365,1185,985,0.9166671674048055,2,1398,1329,95,95,738,271,45,341,1485,1487,1175,1430,1200,1475,50,95,36,401.0
347,1735,0,1,120,1187.142359150938,982.4726710045619,-0.047132192684695706,-0.5851906494188917,1185,985,0.8803515780252945,2,1366,1365,95,95,748,276,51,346,1476,1500,1175,1430,1200,1475,50,95,41,402.0
348,1740,0,1,120,1182.9895350007573,983.7379562966076,-0.44868611265840075,-0.264896652993924,1185,985,0.8439256993091749,2,1249,1401,95,95,735,266,49,340,1479,1500,1175,1430,1200,1475,50,95,36,403.0
349,1745,0,0,120,1187.8248828382177,989.2547398235832,-1.56856765932784,-1.8329307442934204,1185,985,0.6667927050172038,2,1272,1282,95,95,742,281,50,344,1476,1497,1175,1430,1200,1475,50,95,39,404.0
350,1750,1,1,120,1189.3485778164177,983.9837515774635,0.3305603974977006,-2.50265126529574,1185,985,0.7662734488717637,2,1346,1379,95,95,747,276,51,327,1475,1493,1175,1430,1200,1475,50,95,37,405.0
351,1755,0,1,120,1186.2768216255981,983.6285095609835,1.7242591778388134,-2.1248872140709962,1185,985,0.37082514629154617,2,1189,1462,95,95,727,261,51,327,1485,1498,1175,1430,1200,1475,50,95,37,406.0
352,1760,1,0,120,1182.1670601458545,984.7612484630533,-0.4897101879372219,1.1163590404215855,1185,985,0.040678304040835944,2,1201,1455,95,95,738,279,50,346,1475,1487,1175,1430,1200,1475,50,95,39,407.0
353,1765,1,0,120,1187.611597612487,987.6089858244179,0.6455547430381403,0.3796192064388825,1185,985,0.46686336519905325,2,1200,1465,95,95,732,258,45,349,1480,1499,1175,1430,1200,1475,50,95,36,408.0
354,1770,0,0,120,1182.949783188839,983.8643384484253,0.4063525368079166,0.36031044938698376,1185,985,0.2509803746078876,2,1262,1201,95,95,730,265,45,331,1481,1487,1175,1430,1200,1475,50,95,36,409.0
355,1775,0,0,120,1183.9315146096208,985.9970845944383,-1.1149508510570727,-1.436263663977983,1185,985,0.814695736181984,2,1204,1475,95,95,721,264,46,334,1477,1480,1175,1430,1200,1475,50,95,41,410.0
356,1780,1,1,120,1185.2457729856324,983.1780828394096,-1.3093569923516502,0.10994651418916869,1185,985,0.21479158296604306,2,1346,1207,95,95,716,275,47,338,1478,1483,1175,1430,1200,1475,50,95,40,411.0
357,1785,1,1,120,1190.4483667960217,984.1602392492645,0.8885631776979143,0.2594934400881058,1185,985,0.17947923361134666,2,1273,1258,95,95,719,264,50,336,1481,1483,1175,1430,1200,1475,50,95,39,412.0
358,1790,1,0,120,1183.4175671337223,987.3620251985333,2.5032185383340955,0.17057175001055305,1185,985,0.5666137333928473,2,1487,1379,95,95,729,255,48,325,1477,1479,1175,1430,1200,1475,50,95,36,413.0
359,1795,0,0,120,1182.390244644408,986.1722647003454,2.964112408618705,0.8646536608714406,1185,985,0.4010387701437802,2,1240,1226,95,95,734,286,50,329,1475,1479,1175,1430,1200,1475,50,95,41,414.0
360,1800,0,0,120,1186.63407769574,985.0530811879746,0.250379460136956,-1.7244470061005908,1185,985,0.9976693073894818,2,1447,1453,95,95,728,276,47,344,1484,1480,1175,1430,1200,1475,50,95,36,415.0
361,1805,1,0,120,1181.1234237427561,986.0971960599445,-1.5261193937652642,-2.2153905540294976,1185,985,0.21518687031400507,2,1353,1366,95,95,714,263,47,329,1484,1489,1175,1430,1200,1475,50,95,36,416.0
362,1810,1,1,120,1190.0861643769147,986.439660206771,1.5362395743118382,-1.2299732889889636,1185,985,0.34095698087024706,2,1437,1279,95,95,723,276,51,334,1485,1494,1175,1430,1200,1475,50,95,41,417.0
363,1815,1,1,120,1187.927761111428,984.7144137970345,0.3462107713923969,0.4212451208119694,1185,985,0.29923466203604276,2,1191,1402,95,95,746,269,47,345,1483,1492,1175,1430,1200,1475,50,95,37,418.0
364,1820,0,0,120,1183.1872271735829,983.4621343777973,1.3111709837560037,3.543616608688323,1185,985,0.6676000913905173,2,1336,1264,95,95,731,286,50,338,1481,1493,1175,1430,1200,1475,50,95,36,419.0
365,1825,0,1,120,1183.7630725085264,982.0941902390796,1.1508879932944183,-0.6586936905826762,1185,985,0.23179569326675487,2,1311,1374,95,95,741,275,46,340,1476,1483,1175,1430,1200,1475,50,95,42,420.0
366,1830,1,0,120,1182.0261764247127,985.04241780619,1.31943252955204,-0.39263998717574095,1185,985,0.9670440939455929,2,1345,1398,95,95,746,281,48,341,1480,1485,1175,1430,1200,1475,50,95,36,421.0
367,1835,1,1,120,1184.4154001921481,984.5778088007357,1.8628154722547376,-2.5833702015969786,1185,985,0.4426347078411563,2,1374,1420,95,95,732,282,50,330,1477,1484,1175,1430,1200,1475,50,95,42,422.0
368,1840,0,0,120,1184.775537263848,983.3188237834713,2.574000427306803,0.36751888623825885,1185,985,0.47734016179703576,2,1472,1462,95,95,736,267,47,339,1475,1483,1175,1430,1200,1475,50,95,37,423.0
369,1845,0,1,120,1182.4929141237246,985.7749001841353,-0.12302614192171957,-1.5694348178847353,1185,985,0.09960672829675787,2,1395,1375,95,95,719,288,47,343,1479,1497,1175,1430,1200,1475,50,95,39,424.0
370,1850,1,0,120,1187.1491093924915,983.9367759337688,0.17172054023390237,-0.6027877768368255,1185,985,0.9237305603371058,2,1283,1356,95,95,715,262,46,345,1480,1495,1175,1430,1200,1475,50,95,41,425.0
371,1855,0,0,120,1183.7610820809298,986.4309093883519,1.1139574935776269,0.2293364049194132,1185,985,0.40285484176045827,2,1486,1406,95,95,712,285,49,335,1478,1479,1175,1430,1200,1475,50,95,37,426.0
372,1860,0,1,120,1184.7478929825957,985.4836500376733,0.5399204135076647,0.7536681526949495,1185,985,0.3871369327842503,2,1247,1360,95,95,750,287,49,341,1482,1485,1175,1430,1200,1475,50,95,41,427.0
373,1865,0,1,120,1187.0545361055013,983.3759842669893,2.4131336647043913,2.9201689629817187,1185,985,0.4463515610432739,2,1450,1469,95,95,736,261,49,338,1485,1495,1175,1430,1200,1475,50,95,40,428.0
374,1870,0,1,120,1184.280040622081,982.6057438288977,0.3690590330167197,0.09677276988960241,1185,985,0.48759474839760386,2,1331,1200,95,95,727,271,51,334,1478,1486,1175,1430,1200,1475,50,95,41,429.0
375,1875,1,0,120,1184.7163234537031,986.8920894546462,1.1581641459736658,-1.7383182947381526,1185,985,0.16853771088290914,2,1255,1374,95,95,741,276,46,331,1482,1491,1175,1430,1200,1475,50,95,42,430.0
376,1880,0,1,120,1184.949167206009,984.2751597597465,1.8248516567049118,2.374479733446732,1185,985,0.06380372167501425,2,1479,1249,95,95,743,289,48,335,1482,1488,1175,1430,1200,1475,50,95,38,431.0
377,1885,0,0,120,1184.9827114786526,988.4667721043623,0.5209228231515243,1.1978227424070425,1185,985,0.32921398310673067,2,1490,1275,95,95,713,267,47,328,1482,1493,1175,1430,1200,1475,50,95,42,432.0
378,1890,0,0,120,1187.7565753758568,988.9173603148342,0.6470670578033046,1.8505594825466956,1185,985,0.8914480811447412,2,1471,1222,95,95,712,284,47,342,1481,1479,1175,1430,1200,1475,50,95,38,433.0
379,1895,1,0,120,1183.3432903008666,984.1287543474234,-1.5965702175960301,2.305250898580482,1185,985,0.061634115745659246,2,1216,1474,95,95,715,264,50,339,1481,1497,1175,1430,1200,1475,50,95,40,434.0
380,1900,1,0,120,1183.888514245048,984.6928988002647,2.5017598276324233,-1.267438132958083,1185,985,0.6031980824727244,2,1226,1229,95,95,734,281,50,334,1483,1488,1175,1430,1200,1475,50,95,35,435.0
381,1905,1,0,120,1187.3506081601813,984.1662322256518,1.698449978083409,-1.0035526523856193,1185,985,0.7016650003313146,2,1416,1303,95,95,738,272,47,329,1476,1486,1175,1430,1200,1475,50,95,37,436.0
382,1910,1,0,120,1187.513409945303,981.5044256008316,-1.8584603725675224,1.7308973402473626,1185,985,0.0663868096063529,2,1310,1456,95,95,746,258,48,343,1475,1482,1175,1430,1200,1475,50,95,37,437.0
383,1915,1,0,120,1183.747118124093,985.7544511005328,0.7481430622621901,-0.5243745815796005,1185,985,0.33801349015194837,2,1281,1333,95,95,721,284,49,326,1481,1496,1175,1430,1200,1475,50,95,35,438.0
384,1920,0,0,120,1185.329354966553,986.3432600372448,-1.0482200526571848,1.0239852668721738,1185,985,0.5292342907721826,2,1442,1282,95,95,747,273,47,331,1481,1489,1175,1430,1200,1475,50,95,42,439.0
385,1925,1,0,120,1185.0137944217038,984.9467057578098,1.3374855148315985,2.822985342295462,1185,985,0.8450147299655276,2,1177,1354,95,95,743,259,48,326,1475,1496,1175,1430,1200,1475,50,95,36,440.0
386,1930,0,1,120,1185.942617241499,985.2158368459264,-3.3955306469742172,-2.6675750681138117,1185,985,0.7099927746608126,2,1312,1205,95,95,751,269,47,346,1478,1478,1175,1430,1200,1475,50,95,41,441.0
387,1935,1,0,120,1184.5849955386136,984.0353443210838,2.763767333480028,2.3003000865602288,1185,985,0.7292531353957393,2,1400,1323,95,95,726,286,50,336,1479,1482,1175,1430,1200,1475,50,95,41,442.0
388,1940,0,0,120,1184.7571508291892,986.0365668538794,-1.7475887149315057,2.254633070826382,1185,985,0.4417763916314752,2,1369,1309,95,95,729,277,50,326,1479,1486,1175,1430,1200,1475,50,95,35,443.0
389,1945,0,1,120,1189.2688470838732,984.0635730736268,3.3356821294781414,2.2258832231132524,1185,985,0.5486860336211173,2,1367,1457,95,95,732,280,47,337,1477,1480,1175,1430,1200,1475,50,95,39,444.0
390,1950,1,0,120,1185.719042543961,984.2425043580477,-0.05148216980439968,2.1205686807369246,1185,985,0.37394398814055474,2,1182,1259,95,95,714,282,45,334,1481,1481,1175,1430,1200,1475,50,95,37,445.0
391,1955,0,0,120,1183.971771809931,979.478299535103,1.0053123875502097,2.0296678586414743,1185,985,0.8812961034668286,2,1318,1381,95,95,730,273,51,340,1485,1494,1175,1430,1200,1475,50,95,35,446.0
392,1960,1,1,120,1187.6270915414905,981.641389094427,-0.8878999233589979,1.6328351023543952,1185,985,0.4916092537431924,2,1447,1427,95,95,727,279,46,337,1475,1500,1175,1430,1200,1475,50,95,40,447.0
393,1965,1,0,120,1185.1756721015786,987.9629740672243,-0.036404846541106206,-0.0011664251006858195,1185,985,0.2562508844481356,2,1359,1330,95,95,714,266,49,348,1483,1492,1175,1430,1200,1475,50,95,40,448.0
394,1970,1,1,120,1185.0855288771388,981.3333046209195,0.9540015363974723,0.23169774544647362,1185,985,0.5957226717448755,2,1340,1450,95,95,736,284,46,341,1481,1481,1175,1430,1200,1475,50,95,42,449.0
395,1975,0,0,120,1184.61865729771,983.345725117308,2.274221919423997,-1.5877567102558525,1185,985,0.811814129664538,2,1243,1340,95,95,726,269,47,327,1475,1487,1175,1430,1200,1475,50,95,39,450.0
396,1980,0,1,120,1183.9090595932553,986.1149460772195,0.026992023277975674,1.335641761933277,1185,985,0.030390164092899963,2,1239,1292,95,95,716,278,50,347,1475,1489,1175,1430,1200,1475,50,95,38,451.0
397,1985,0,0,120,1185.4666637361554,982.4166033114693,1.0528137331656926,-2.404322902811143,1185,985,0.4316621613040166,2,1464,1334,95,95,751,277,47,343,1482,1490,1175,1430,1200,1475,50,95,37,452.0
398,1990,1,0,120,1181.5747611231811,982.917293913265,0.6170320132135445,-1.4054520091482077,1185,985,0.969466496126262,2,1285,1473,95,95,738,258,46,325,1481,1490,1175,1430,1200,1475,50,95,41,453.0
399,1995,0,1,120,1182.2459419734516,987.5093060857706,2.8574638437333792,0.5513019265701693,1185,985,0.20452668788227413,2,1313,1277,95,95,737,268,46,328,1476,1482,1175,1430,1200,1475,50,95,36,454.0
